Timestamp,Building_ID,Energy_Consumption_kWh,Water_Consumption_L,Temperature_C,Humidity_Percent,CO2_Level_ppm,Occupancy,Sustainability_Score,Building_Type
2026-01-01 08:00,AB-1,475.94,1645.61,23.1,47,827,154,65.98,Academic
2026-01-01 09:00,AB-2,451.06,799.14,26.3,47,424,85,64.91,Academic
2026-01-01 10:00,AB-3,382.0,654.14,25.3,62,635,171,74.23,Academic
2026-01-01 11:00,AB-4,489.55,1430.14,25.8,43,616,197,63.04,Academic
2026-01-01 12:00,AB-5,368.57,656.05,25.2,59,436,137,71.41,Academic
2026-01-01 13:00,AB-1,341.76,1116.08,28.6,57,655,207,76.8,Academic
2026-01-01 14:00,AB-2,485.53,908.98,26.3,55,769,146,61.39,Academic
2026-01-01 15:00,AB-3,284.54,1114.17,28.0,44,412,200,78.62,Academic
2026-01-01 16:00,AB-4,329.66,1557.96,22.8,47,440,189,78.78,Academic
2026-01-01 17:00,AB-5,496.82,1349.15,26.2,51,465,107,65.61,Academic
2026-01-01 18:00,AB-1,474.22,1567.39,25.6,48,705,94,63.94,Academic
2026-01-01 19:00,AB-2,386.31,1570.15,28.0,60,470,171,71.31,Academic
2026-01-01 20:00,AB-3,475.0,1449.47,21.4,53,604,93,63.88,Academic
2026-01-01 21:00,AB-4,336.77,1355.33,26.5,62,453,85,75.65,Academic
2026-01-01 22:00,AB-5,345.67,679.22,27.6,60,509,194,73.32,Academic
2026-01-01 23:00,AB-1,468.58,900.95,24.9,65,514,214,68.02,Academic
2026-01-02 00:00,AB-2,319.58,1122.93,21.5,43,703,193,75.5,Academic
2026-01-02 01:00,AB-3,446.01,1383.44,28.8,53,519,88,66.72,Academic
2026-01-02 02:00,AB-4,311.58,1177.02,25.2,63,522,144,77.16,Academic
2026-01-02 03:00,AB-5,468.3,1590.18,27.2,46,685,181,66.61,Academic
2026-01-02 04:00,AB-1,466.68,1748.21,21.2,50,823,179,67.57,Academic
2026-01-02 05:00,AB-2,486.1,1420.21,26.8,53,699,225,63.51,Academic
2026-01-02 06:00,AB-3,289.2,865.09,25.0,60,446,176,77.11,Academic
2026-01-02 07:00,AB-4,252.66,798.65,22.9,58,799,92,77.98,Academic
2026-01-02 08:00,AB-5,431.2,1291.63,26.0,51,748,87,68.92,Academic
2026-01-02 09:00,AB-1,455.69,608.26,21.1,54,699,230,63.8,Academic
2026-01-02 10:00,AB-2,263.86,1545.86,24.3,53,787,101,79.32,Academic
2026-01-02 11:00,AB-3,473.33,908.51,24.6,47,672,142,66.02,Academic
2026-01-02 12:00,AB-4,297.06,1503.34,22.9,56,454,97,77.45,Academic
2026-01-02 13:00,AB-5,371.57,723.81,25.6,54,451,100,74.98,Academic
2026-01-02 14:00,AB-1,429.29,692.25,28.8,49,737,151,68.03,Academic
2026-01-02 15:00,AB-2,450.06,1374.44,25.5,54,674,167,64.02,Academic
2026-01-02 16:00,AB-3,442.5,1121.46,28.9,57,659,104,64.41,Academic
2026-01-02 17:00,AB-4,405.63,624.64,26.0,44,483,108,72.86,Academic
2026-01-02 18:00,AB-5,353.37,1664.75,26.9,62,553,212,74.05,Academic
2026-01-02 19:00,AB-1,466.88,1387.17,27.9,43,765,199,62.06,Academic
2026-01-02 20:00,AB-2,399.37,1563.11,22.9,65,410,143,72.62,Academic
2026-01-02 21:00,AB-3,434.76,822.36,23.5,59,582,154,66.24,Academic
2026-01-02 22:00,AB-4,403.49,1694.22,21.7,53,405,94,72.91,Academic
2026-01-02 23:00,AB-5,261.96,768.11,21.9,56,647,174,81.87,Academic
2026-01-03 00:00,AB-1,310.71,966.87,21.3,45,816,237,76.91,Academic
2026-01-03 01:00,AB-2,391.56,1563.55,23.9,52,722,214,72.89,Academic
2026-01-03 02:00,AB-3,426.58,1315.82,21.1,56,781,155,69.45,Academic
2026-01-03 03:00,AB-4,483.06,710.41,27.8,43,495,115,64.44,Academic
2026-01-03 04:00,AB-5,328.02,1489.47,22.8,51,830,99,72.73,Academic
2026-01-03 05:00,AB-1,436.64,840.02,23.7,43,600,202,68.59,Academic
2026-01-03 06:00,AB-2,342.69,672.66,22.3,64,749,210,70.7,Academic
2026-01-03 07:00,AB-3,305.79,666.59,27.1,42,847,166,74.62,Academic
2026-01-03 08:00,AB-4,328.76,1188.51,25.3,59,415,116,78.93,Academic
2026-01-03 09:00,AB-5,446.22,1705.45,22.9,40,590,215,64.35,Academic
2026-01-03 10:00,AB-1,350.09,1794.52,21.1,54,474,201,74.29,Academic
2026-01-03 11:00,AB-2,491.47,996.67,27.4,47,506,87,62.51,Academic
2026-01-03 12:00,AB-3,491.27,1774.92,27.3,59,662,191,61.94,Academic
2026-01-03 13:00,AB-4,300.4,1151.84,24.8,54,843,91,77.36,Academic
2026-01-03 14:00,AB-5,431.4,1023.08,26.6,44,455,139,70.77,Academic
2026-01-03 15:00,AB-1,276.57,846.65,25.5,40,832,239,79.43,Academic
2026-01-03 16:00,AB-2,304.84,1128.25,28.5,41,737,206,73.9,Academic
2026-01-03 17:00,AB-3,352.83,705.19,24.9,54,644,242,72.11,Academic
2026-01-03 18:00,AB-4,430.42,1452.72,27.7,51,775,216,68.12,Academic
2026-01-03 19:00,AB-5,496.05,1195.05,21.5,53,831,118,63.78,Academic
2026-01-03 20:00,AB-1,452.48,686.93,23.3,46,625,138,65.8,Academic
2026-01-03 21:00,AB-2,325.48,706.02,27.6,53,630,205,76.38,Academic
2026-01-03 22:00,AB-3,434.03,1508.81,27.9,50,820,215,64.42,Academic
2026-01-03 23:00,AB-4,364.36,845.14,21.1,58,549,123,72.65,Academic
2026-01-04 00:00,AB-5,292.47,854.27,26.5,40,743,119,74.71,Academic
2026-01-04 01:00,AB-1,264.83,1009.95,25.8,41,624,89,81.78,Academic
2026-01-04 02:00,AB-2,470.9,1614.31,26.2,49,499,166,67.68,Academic
2026-01-04 03:00,AB-3,251.97,1705.47,25.2,50,618,107,79.71,Academic
2026-01-04 04:00,AB-4,343.15,719.97,24.0,56,515,99,76.36,Academic
2026-01-04 05:00,AB-5,456.29,1596.62,26.5,64,785,240,62.84,Academic
2026-01-04 06:00,AB-1,467.26,650.83,26.2,60,723,138,65.92,Academic
2026-01-04 07:00,AB-2,464.8,986.45,21.4,42,765,221,67.15,Academic
2026-01-04 08:00,AB-3,280.82,1424.48,25.0,57,684,111,77.94,Academic
2026-01-04 09:00,AB-4,413.38,1264.48,27.1,44,419,109,69.99,Academic
2026-01-04 10:00,AB-5,280.41,1784.3,26.3,45,473,90,77.08,Academic
2026-01-04 11:00,AB-1,371.95,1119.95,22.2,57,422,107,74.6,Academic
2026-01-04 12:00,AB-2,273.84,1115.94,24.2,53,623,122,77.54,Academic
2026-01-04 13:00,AB-3,403.83,1293.39,22.1,54,562,159,73.09,Academic
2026-01-04 14:00,AB-4,340.1,1678.87,27.7,56,700,208,73.32,Academic
2026-01-04 15:00,AB-5,456.31,1298.04,24.1,49,540,84,66.56,Academic
2026-01-04 16:00,AB-1,333.61,1540.98,22.9,45,517,176,72.78,Academic
2026-01-04 17:00,AB-2,314.23,1677.06,21.2,55,672,238,73.38,Academic
2026-01-04 18:00,AB-3,413.57,1636.17,27.5,45,429,213,69.2,Academic
2026-01-04 19:00,AB-4,364.97,759.25,27.8,46,845,137,69.31,Academic
2026-01-04 20:00,AB-5,496.09,1518.44,25.8,58,475,200,63.72,Academic
2026-01-04 21:00,AB-1,465.16,729.56,21.7,56,685,199,66.12,Academic
2026-01-04 22:00,AB-2,426.7,936.58,26.7,59,486,137,70.97,Academic
2026-01-04 23:00,AB-3,481.67,883.46,25.5,40,484,239,64.65,Academic
2026-01-05 00:00,AB-4,360.05,1014.41,21.4,59,510,150,73.78,Academic
2026-01-05 01:00,AB-5,404.22,1058.76,21.4,61,638,127,71.21,Academic
2026-01-05 02:00,AB-1,335.45,708.38,25.3,52,711,224,73.03,Academic
2026-01-05 03:00,AB-2,329.68,817.51,28.3,61,631,218,72.9,Academic
2026-01-05 04:00,AB-3,448.48,1634.8,21.3,41,698,86,64.11,Academic
2026-01-05 05:00,AB-4,428.53,1275.22,21.2,54,456,180,68.43,Academic
2026-01-05 06:00,AB-5,408.48,1013.75,24.4,46,644,155,71.43,Academic
2026-01-05 07:00,AB-1,408.9,1377.16,24.7,43,414,176,71.49,Academic
2026-01-05 08:00,AB-2,321.9,757.56,21.1,64,496,117,77.84,Academic
2026-01-05 09:00,AB-3,495.15,901.87,22.8,48,717,144,66.08,Academic
2026-01-05 10:00,AB-4,341.83,1033.96,28.2,52,577,174,71.46,Academic
2026-01-05 11:00,AB-5,435.25,1482.87,21.5,41,463,166,66.47,Academic
2026-01-01 08:00,HB-1,201.76,2429.29,28.1,50,895,303,84.02,Hostel
2026-01-01 09:00,HB-2,215.58,1768.29,28.3,61,465,267,85.67,Hostel
2026-01-01 10:00,HB-3,239.38,1869.91,22.9,61,571,164,80.03,Hostel
2026-01-01 11:00,HB-4,221.37,2046.27,27.5,47,825,182,81.41,Hostel
2026-01-01 12:00,HB-5,238.39,1331.54,26.6,53,829,177,80.47,Hostel
2026-01-01 13:00,HB-1,210.59,2490.61,27.2,55,474,258,80.94,Hostel
2026-01-01 14:00,HB-2,270.17,2008.97,28.8,53,688,201,80.38,Hostel
2026-01-01 15:00,HB-3,258.3,1569.88,23.2,60,647,256,77.43,Hostel
2026-01-01 16:00,HB-4,232.94,2033.02,25.2,49,611,252,80.03,Hostel
2026-01-01 17:00,HB-5,251.51,2084.83,25.9,52,510,289,82.51,Hostel
2026-01-01 18:00,HB-1,183.49,1474.77,28.8,66,721,206,82.1,Hostel
2026-01-01 19:00,HB-2,194.97,1578.79,23.7,58,878,348,82.74,Hostel
2026-01-01 20:00,HB-3,267.46,1204.88,30.3,46,522,325,80.84,Hostel
2026-01-01 21:00,HB-4,185.71,2210.12,23.7,66,856,321,81.32,Hostel
2026-01-01 22:00,HB-5,268.64,1698.36,25.7,55,483,125,78.53,Hostel
2026-01-01 23:00,HB-1,288.32,1496.81,30.7,54,516,244,77.56,Hostel
2026-01-02 00:00,HB-2,262.45,1515.92,22.7,63,530,210,78.09,Hostel
2026-01-02 01:00,HB-3,209.28,2409.8,24.6,55,737,173,84.33,Hostel
2026-01-02 02:00,HB-4,301.47,2442.62,23.8,56,459,143,75.16,Hostel
2026-01-02 03:00,HB-5,231.51,1598.07,28.2,63,773,241,81.35,Hostel
2026-01-02 04:00,HB-1,210.74,1321.95,28.2,61,893,313,82.7,Hostel
2026-01-02 05:00,HB-2,209.34,1281.29,23.1,54,847,137,83.44,Hostel
2026-01-02 06:00,HB-3,213.84,1917.51,30.5,62,833,280,82.23,Hostel
2026-01-02 07:00,HB-4,182.54,1861.56,28.8,48,885,342,85.37,Hostel
2026-01-02 08:00,HB-5,312.18,2230.47,26.8,49,538,349,74.14,Hostel
2026-01-02 09:00,HB-1,213.59,1760.33,27.8,61,884,191,81.89,Hostel
2026-01-02 10:00,HB-2,304.68,2294.19,24.6,53,520,135,76.15,Hostel
2026-01-02 11:00,HB-3,203.97,2153.28,24.9,58,708,291,82.11,Hostel
2026-01-02 12:00,HB-4,267.14,1541.09,24.3,56,579,233,77.65,Hostel
2026-01-02 13:00,HB-5,218.09,1746.66,29.5,65,767,126,79.08,Hostel
2026-01-02 14:00,HB-1,208.72,1798.71,28.2,66,742,203,80.42,Hostel
2026-01-02 15:00,HB-2,209.11,2217.34,28.9,52,633,242,80.63,Hostel
2026-01-02 16:00,HB-3,268.4,1596.82,29.9,50,554,337,80.51,Hostel
2026-01-02 17:00,HB-4,275.09,1979.2,23.3,66,734,129,76.42,Hostel
2026-01-02 18:00,HB-5,204.46,2289.1,29.1,46,648,154,84.3,Hostel
2026-01-02 19:00,HB-1,218.87,1983.96,22.1,56,503,237,81.08,Hostel
2026-01-02 20:00,HB-2,217.59,1279.41,28.1,69,464,244,80.85,Hostel
2026-01-02 21:00,HB-3,186.4,2134.22,26.5,62,839,155,85.34,Hostel
2026-01-02 22:00,HB-4,204.93,1966.16,30.4,51,818,170,82.63,Hostel
2026-01-02 23:00,HB-5,291.7,1467.29,28.2,46,888,226,73.85,Hostel
2026-01-03 00:00,HB-1,308.35,2100.75,29.8,67,611,223,75.81,Hostel
2026-01-03 01:00,HB-2,219.86,1724.21,28.3,47,737,130,83.64,Hostel
2026-01-03 02:00,HB-3,271.09,2431.18,24.2,50,889,246,77.93,Hostel
2026-01-03 03:00,HB-4,239.67,1970.86,26.3,53,832,147,79.33,Hostel
2026-01-03 04:00,HB-5,191.36,1656.93,26.4,67,737,293,81.32,Hostel
2026-01-03 05:00,HB-1,192.24,1985.87,24.9,65,733,274,85.22,Hostel
2026-01-03 06:00,HB-2,208.33,2421.88,27.1,57,692,210,81.05,Hostel
2026-01-03 07:00,HB-3,199.54,1528.54,23.6,66,463,218,82.1,Hostel
2026-01-03 08:00,HB-4,219.43,1955.14,25.0,45,626,157,82.56,Hostel
2026-01-03 09:00,HB-5,265.92,1560.02,29.1,58,896,298,77.69,Hostel
2026-01-03 10:00,HB-1,220.11,2235.34,22.5,65,553,184,84.5,Hostel
2026-01-03 11:00,HB-2,225.59,2147.37,24.6,69,775,313,82.97,Hostel
2026-01-03 12:00,HB-3,241.79,1377.51,30.3,56,526,228,78.79,Hostel
2026-01-03 13:00,HB-4,195.06,2205.39,25.5,53,603,210,84.1,Hostel
2026-01-03 14:00,HB-5,277.69,1413.37,25.0,57,671,178,78.11,Hostel
2026-01-03 15:00,HB-1,216.59,2412.64,24.8,60,680,146,80.75,Hostel
2026-01-03 16:00,HB-2,199.63,1811.28,29.9,52,614,234,82.47,Hostel
2026-01-03 17:00,HB-3,254.21,2595.76,25.7,51,585,266,78.32,Hostel
2026-01-03 18:00,HB-4,306.58,2261.89,22.4,49,850,344,72.79,Hostel
2026-01-03 19:00,HB-5,198.56,1665.79,26.3,53,481,191,85.45,Hostel
2026-01-03 20:00,HB-1,243.98,1380.31,29.7,52,827,320,79.71,Hostel
2026-01-03 21:00,HB-2,221.11,2009.67,23.3,50,501,291,81.93,Hostel
2026-01-03 22:00,HB-3,261.79,2347.01,27.5,45,767,271,77.21,Hostel
2026-01-03 23:00,HB-4,227.91,2063.6,27.2,64,675,232,78.87,Hostel
2026-01-04 00:00,HB-5,226.14,1234.13,22.3,49,614,215,84.64,Hostel
2026-01-04 01:00,HB-1,257.26,2025.81,24.6,61,687,250,78.12,Hostel
2026-01-04 02:00,HB-2,257.78,2281.52,24.0,68,582,211,81.65,Hostel
2026-01-04 03:00,HB-3,187.8,2181.16,30.6,61,726,332,81.23,Hostel
2026-01-04 04:00,HB-4,236.32,1905.29,28.1,64,748,299,81.38,Hostel
2026-01-04 05:00,HB-5,247.3,2006.72,27.4,58,593,305,79.68,Hostel
2026-01-04 06:00,HB-1,180.98,2085.4,23.2,68,825,335,86.71,Hostel
2026-01-04 07:00,HB-2,235.39,2135.21,27.1,48,471,146,81.66,Hostel
2026-01-04 08:00,HB-3,184.84,1807.26,30.5,50,754,313,81.9,Hostel
2026-01-04 09:00,HB-4,183.69,2291.41,30.2,66,802,334,85.47,Hostel
2026-01-04 10:00,HB-5,235.1,2106.02,22.5,46,464,229,83.62,Hostel
2026-01-04 11:00,HB-1,229.71,1924.1,29.8,57,723,173,81.52,Hostel
2026-01-04 12:00,HB-2,297.93,1359.27,29.5,57,528,298,74.78,Hostel
2026-01-04 13:00,HB-3,226.66,1811.48,22.5,61,525,299,82.23,Hostel
2026-01-04 14:00,HB-4,292.17,1689.88,26.6,60,634,213,77.4,Hostel
2026-01-04 15:00,HB-5,263.83,1273.48,24.4,47,778,317,80.08,Hostel
2026-01-04 16:00,HB-1,229.16,2431.42,22.7,56,618,350,78.9,Hostel
2026-01-04 17:00,HB-2,318.24,2591.55,29.3,67,528,225,75.6,Hostel
2026-01-04 18:00,HB-3,232.28,1410.14,23.0,49,871,150,79.52,Hostel
2026-01-04 19:00,HB-4,182.48,2474.19,22.7,62,703,209,84.54,Hostel
2026-01-04 20:00,HB-5,209.35,2539.93,28.2,70,662,275,80.97,Hostel
2026-01-04 21:00,HB-1,267.35,2573.49,29.6,65,610,257,77.28,Hostel
2026-01-04 22:00,HB-2,314.32,2527.06,24.1,63,756,193,77.12,Hostel
2026-01-04 23:00,HB-3,280.82,2117.3,23.6,55,837,272,79.97,Hostel
2026-01-05 00:00,HB-4,266.15,2547.08,23.7,70,600,297,80.47,Hostel
2026-01-05 01:00,HB-5,273.77,2248.75,24.7,61,607,121,80.05,Hostel
2026-01-05 02:00,HB-1,244.36,2403.76,27.6,50,884,333,77.52,Hostel
2026-01-05 03:00,HB-2,249.43,1414.95,25.9,47,578,322,77.58,Hostel
2026-01-05 04:00,HB-3,224.77,2256.57,27.0,57,599,208,84.21,Hostel
2026-01-05 05:00,HB-4,310.32,1676.75,23.9,63,890,129,77.19,Hostel
2026-01-05 06:00,HB-5,307.5,1409.32,23.6,67,835,247,75.87,Hostel
2026-01-05 07:00,HB-1,181.56,1316.97,26.6,59,582,164,85.56,Hostel
2026-01-05 08:00,HB-2,248.48,1273.24,30.0,65,639,307,83.08,Hostel
2026-01-05 09:00,HB-3,240.03,2117.92,25.3,45,792,172,79.96,Hostel
2026-01-05 10:00,HB-4,201.39,2166.17,26.3,66,532,284,85.41,Hostel
2026-01-05 11:00,HB-5,234.01,1287.48,30.8,57,882,348,80.89,Hostel
2026-01-01 08:00,MB-1,530.25,1856.22,28.9,55,538,166,68.45,Main
2026-01-01 09:00,MB-2,368.77,1871.1,25.7,55,536,241,77.83,Main
2026-01-01 10:00,MB-3,391.82,1328.17,25.6,58,739,201,73.6,Main
2026-01-01 11:00,MB-4,492.98,1020.65,25.4,55,526,238,69.05,Main
2026-01-01 12:00,MB-5,544.86,1204.26,27.9,50,831,266,66.26,Main
2026-01-01 13:00,MB-1,516.11,1630.27,23.1,52,880,344,66.12,Main
2026-01-01 14:00,MB-2,485.17,1115.36,28.7,47,785,311,69.81,Main
2026-01-01 15:00,MB-3,378.43,1978.22,23.7,56,608,236,74.66,Main
2026-01-01 16:00,MB-4,469.74,932.84,28.9,59,695,275,73.11,Main
2026-01-01 17:00,MB-5,321.68,1658.12,25.8,59,581,206,77.77,Main
2026-01-01 18:00,MB-1,406.75,1726.14,28.5,45,771,161,73.98,Main
2026-01-01 19:00,MB-2,375.62,1164.04,27.2,51,652,256,74.69,Main
2026-01-01 20:00,MB-3,372.49,1212.37,26.6,51,543,172,75.79,Main
2026-01-01 21:00,MB-4,355.8,809.56,24.7,55,780,324,78.35,Main
2026-01-01 22:00,MB-5,447.85,906.4,28.7,43,646,326,70.4,Main
2026-01-01 23:00,MB-1,539.92,1801.11,23.1,53,725,190,68.76,Main
2026-01-02 00:00,MB-2,497.44,1199.33,22.9,40,571,332,67.4,Main
2026-01-02 01:00,MB-3,302.21,1893.56,23.7,61,760,286,81.85,Main
2026-01-02 02:00,MB-4,300.65,1423.05,21.2,62,875,255,80.9,Main
2026-01-02 03:00,MB-5,308.81,1600.52,26.2,62,812,380,78.75,Main
2026-01-02 04:00,MB-1,529.7,1912.38,21.9,65,545,155,70.21,Main
2026-01-02 05:00,MB-2,454.22,1783.7,26.4,56,764,225,71.78,Main
2026-01-02 06:00,MB-3,498.84,1833.05,24.9,43,775,189,70.59,Main
2026-01-02 07:00,MB-4,466.19,1318.56,27.6,53,668,178,72.81,Main
2026-01-02 08:00,MB-5,431.88,1189.0,28.3,52,790,192,70.4,Main
2026-01-02 09:00,MB-1,376.71,1899.33,28.3,40,462,397,74.52,Main
2026-01-02 10:00,MB-2,499.24,880.69,27.3,65,835,295,68.23,Main
2026-01-02 11:00,MB-3,484.33,1603.39,24.2,44,525,273,69.43,Main
2026-01-02 12:00,MB-4,424.07,1105.62,24.7,58,494,225,73.13,Main
2026-01-02 13:00,MB-5,396.16,994.6,27.4,44,842,188,71.86,Main
2026-01-02 14:00,MB-1,384.63,1529.78,27.8,51,468,200,77.85,Main
2026-01-02 15:00,MB-2,487.37,1937.58,25.9,64,688,171,68.28,Main
2026-01-02 16:00,MB-3,439.09,1794.42,27.5,63,765,301,74.62,Main
2026-01-02 17:00,MB-4,391.98,1494.83,23.7,51,693,283,77.5,Main
2026-01-02 18:00,MB-5,435.82,1588.3,27.9,64,842,348,69.76,Main
2026-01-02 19:00,MB-1,536.43,836.63,27.2,50,784,392,68.9,Main
2026-01-02 20:00,MB-2,469.15,887.82,25.3,58,629,166,70.07,Main
2026-01-02 21:00,MB-3,466.3,1735.15,26.0,50,801,287,69.77,Main
2026-01-02 22:00,MB-4,383.59,1239.54,24.5,54,768,343,73.56,Main
2026-01-02 23:00,MB-5,433.63,945.92,28.5,52,687,284,74.22,Main
2026-01-03 00:00,MB-1,498.93,1406.03,26.3,62,649,219,67.7,Main
2026-01-03 01:00,MB-2,454.61,1483.39,24.8,57,798,400,69.27,Main
2026-01-03 02:00,MB-3,414.99,1602.4,24.9,50,861,280,72.6,Main
2026-01-03 03:00,MB-4,425.74,821.32,21.4,55,630,151,74.41,Main
2026-01-03 04:00,MB-5,398.52,1449.77,22.3,43,538,272,76.2,Main
2026-01-03 05:00,MB-1,307.44,1188.24,24.0,49,546,364,81.51,Main
2026-01-03 06:00,MB-2,382.58,1058.48,28.8,45,885,195,75.21,Main
2026-01-03 07:00,MB-3,353.25,1386.74,25.7,48,503,224,76.24,Main
2026-01-03 08:00,MB-4,497.25,921.27,21.7,41,782,310,69.44,Main
2026-01-03 09:00,MB-5,467.77,1297.62,27.3,48,803,214,68.22,Main
2026-01-03 10:00,MB-1,439.83,1424.06,22.5,52,562,373,70.78,Main
2026-01-03 11:00,MB-2,475.25,1651.04,24.5,50,469,249,72.23,Main
2026-01-03 12:00,MB-3,414.01,816.6,28.3,44,575,163,76.27,Main
2026-01-03 13:00,MB-4,327.92,1399.71,25.0,53,684,225,80.77,Main
2026-01-03 14:00,MB-5,334.29,1195.59,26.7,52,772,292,79.84,Main
2026-01-03 15:00,MB-1,321.95,1914.41,28.2,51,516,371,81.61,Main
2026-01-03 16:00,MB-2,421.86,1742.42,25.8,54,589,162,72.61,Main
2026-01-03 17:00,MB-3,372.2,819.38,23.8,49,723,193,76.51,Main
2026-01-03 18:00,MB-4,368.11,1642.66,23.7,59,847,204,74.65,Main
2026-01-03 19:00,MB-5,488.25,950.42,26.6,54,709,310,67.97,Main
2026-01-03 20:00,MB-1,484.35,1394.39,25.9,51,507,392,68.49,Main
2026-01-03 21:00,MB-2,305.53,1519.52,28.9,42,536,365,78.6,Main
2026-01-03 22:00,MB-3,498.1,1262.7,22.2,59,714,214,66.64,Main
2026-01-03 23:00,MB-4,485.25,973.95,23.3,62,472,391,69.5,Main
2026-01-04 00:00,MB-5,547.31,1018.18,24.8,54,615,259,68.34,Main
2026-01-04 01:00,MB-1,406.19,1028.52,28.5,54,590,258,76.39,Main
2026-01-04 02:00,MB-2,526.43,801.26,28.8,43,672,396,67.26,Main
2026-01-04 03:00,MB-3,308.17,1442.32,21.5,65,773,156,80.61,Main
2026-01-04 04:00,MB-4,382.95,1428.25,27.0,54,464,194,77.81,Main
2026-01-04 05:00,MB-5,390.3,1124.26,26.6,44,791,305,74.17,Main
2026-01-04 06:00,MB-1,453.81,1296.36,26.3,47,744,255,73.58,Main
2026-01-04 07:00,MB-2,528.13,1129.89,25.8,42,878,310,65.03,Main
2026-01-04 08:00,MB-3,492.48,1169.85,24.5,42,656,304,69.56,Main
2026-01-04 09:00,MB-4,368.69,1243.0,23.7,45,742,226,75.19,Main
2026-01-04 10:00,MB-5,496.76,1944.24,27.6,57,860,296,70.47,Main
2026-01-04 11:00,MB-1,429.85,1945.88,23.8,60,540,182,72.04,Main
2026-01-04 12:00,MB-2,542.58,1633.86,22.9,62,482,349,67.0,Main
2026-01-04 13:00,MB-3,310.96,1803.59,23.3,59,542,247,81.37,Main
2026-01-04 14:00,MB-4,514.55,1352.96,24.9,43,472,276,67.22,Main
2026-01-04 15:00,MB-5,369.52,950.47,21.9,51,705,374,77.68,Main
2026-01-04 16:00,MB-1,327.8,1873.18,28.4,46,487,293,80.87,Main
2026-01-04 17:00,MB-2,371.48,1327.2,24.5,49,457,276,79.7,Main
2026-01-04 18:00,MB-3,404.48,1737.72,28.1,48,874,396,71.34,Main
2026-01-04 19:00,MB-4,452.94,1542.89,28.0,52,542,202,74.31,Main
2026-01-04 20:00,MB-5,523.1,1517.75,28.5,62,655,152,70.24,Main
2026-01-04 21:00,MB-1,461.72,1197.99,28.8,52,551,162,73.49,Main
2026-01-04 22:00,MB-2,449.02,1473.14,24.2,64,752,206,70.77,Main
2026-01-04 23:00,MB-3,446.25,1025.86,28.6,58,659,282,70.18,Main
2026-01-05 00:00,MB-4,402.46,1840.0,21.1,45,873,301,73.69,Main
2026-01-05 01:00,MB-5,403.76,856.89,21.8,45,693,324,74.43,Main
2026-01-05 02:00,MB-1,535.83,1990.95,25.6,64,562,225,69.55,Main
2026-01-05 03:00,MB-2,472.82,1973.53,21.8,62,657,153,71.21,Main
2026-01-05 04:00,MB-3,310.98,1089.34,26.6,64,487,211,79.32,Main
2026-01-05 05:00,MB-4,325.17,845.34,22.3,58,601,151,78.62,Main
2026-01-05 06:00,MB-5,444.92,1718.02,26.7,43,480,255,72.63,Main
2026-01-05 07:00,MB-1,302.3,854.43,28.2,65,487,400,80.8,Main
2026-01-05 08:00,MB-2,360.2,1584.48,29.0,43,743,255,77.63,Main
2026-01-05 09:00,MB-3,487.42,1451.46,23.3,40,523,359,70.72,Main
2026-01-05 10:00,MB-4,366.6,1122.16,23.6,44,618,359,75.92,Main
2026-01-05 11:00,MB-5,321.24,1940.27,27.7,57,765,341,80.27,Main
2026-01-01 08:00,PB-1,365.98,823.88,26.5,57,635,74,74.84,Placement
2026-01-01 09:00,PB-2,309.37,721.97,23.2,60,592,114,80.24,Placement
2026-01-01 10:00,PB-3,398.78,933.52,25.7,42,686,209,75.2,Placement
2026-01-01 11:00,PB-4,291.66,536.39,22.2,48,549,99,80.66,Placement
2026-01-01 12:00,PB-5,223.63,1286.41,24.5,50,594,169,86.23,Placement
2026-01-01 13:00,PB-1,256.89,1055.65,28.0,46,617,81,85.11,Placement
2026-01-01 14:00,PB-2,370.1,1226.18,23.1,56,634,61,76.48,Placement
2026-01-01 15:00,PB-3,289.51,1147.38,27.6,60,710,148,81.01,Placement
2026-01-01 16:00,PB-4,284.78,659.84,23.0,60,717,218,79.11,Placement
2026-01-01 17:00,PB-5,330.38,1075.5,25.2,53,462,123,79.06,Placement
2026-01-01 18:00,PB-1,392.6,1008.64,27.4,48,471,119,74.31,Placement
2026-01-01 19:00,PB-2,394.2,894.52,23.3,54,630,178,76.32,Placement
2026-01-01 20:00,PB-3,384.31,854.27,25.6,44,631,92,73.95,Placement
2026-01-01 21:00,PB-4,243.68,1203.7,25.6,45,628,203,85.0,Placement
2026-01-01 22:00,PB-5,230.19,1314.78,22.0,41,481,131,87.06,Placement
2026-01-01 23:00,PB-1,418.55,824.58,27.9,44,526,86,76.27,Placement
2026-01-02 00:00,PB-2,416.95,1258.98,26.7,44,637,96,74.99,Placement
2026-01-02 01:00,PB-3,400.42,658.08,26.6,60,655,122,75.66,Placement
2026-01-02 02:00,PB-4,335.28,1005.93,25.1,46,743,95,77.38,Placement
2026-01-02 03:00,PB-5,267.88,1028.05,23.7,47,617,63,83.2,Placement
2026-01-02 04:00,PB-1,247.88,548.51,26.5,44,671,70,84.52,Placement
2026-01-02 05:00,PB-2,408.86,1121.5,26.2,50,495,108,74.1,Placement
2026-01-02 06:00,PB-3,388.62,1189.5,26.7,56,664,81,76.47,Placement
2026-01-02 07:00,PB-4,225.05,626.91,25.6,58,524,158,84.82,Placement
2026-01-02 08:00,PB-5,307.32,934.9,26.1,40,791,91,79.56,Placement
2026-01-02 09:00,PB-1,330.77,968.51,27.0,55,781,96,77.7,Placement
2026-01-02 10:00,PB-2,364.24,903.47,26.6,46,705,68,78.48,Placement
2026-01-02 11:00,PB-3,370.33,897.71,22.5,60,603,155,74.53,Placement
2026-01-02 12:00,PB-4,230.96,681.16,26.0,55,606,220,84.9,Placement
2026-01-02 13:00,PB-5,223.28,1291.43,22.9,53,590,212,84.81,Placement
2026-01-02 14:00,PB-1,343.96,769.74,22.9,52,649,191,76.53,Placement
2026-01-02 15:00,PB-2,313.91,1339.38,27.3,59,537,181,77.82,Placement
2026-01-02 16:00,PB-3,316.71,1268.54,27.5,58,777,157,78.31,Placement
2026-01-02 17:00,PB-4,230.99,862.44,23.8,60,522,197,85.33,Placement
2026-01-02 18:00,PB-5,417.37,1188.53,26.4,54,489,168,76.8,Placement
2026-01-02 19:00,PB-1,303.57,940.03,26.6,57,778,135,79.24,Placement
2026-01-02 20:00,PB-2,360.68,822.96,27.5,43,465,66,76.6,Placement
2026-01-02 21:00,PB-3,331.23,624.73,27.1,53,440,118,80.13,Placement
2026-01-02 22:00,PB-4,226.46,1101.65,26.1,53,548,81,86.1,Placement
2026-01-02 23:00,PB-5,401.85,1091.84,25.8,43,557,68,75.82,Placement
2026-01-03 00:00,PB-1,253.63,672.94,27.0,56,626,215,84.21,Placement
2026-01-03 01:00,PB-2,405.04,1230.87,22.4,43,749,76,74.52,Placement
2026-01-03 02:00,PB-3,368.61,1099.49,23.4,60,465,206,77.69,Placement
2026-01-03 03:00,PB-4,296.2,1203.0,24.6,47,758,98,79.92,Placement
2026-01-03 04:00,PB-5,337.47,573.23,24.4,46,546,177,80.8,Placement
2026-01-03 05:00,PB-1,267.34,1299.09,23.3,52,512,200,84.83,Placement
2026-01-03 06:00,PB-2,241.94,1038.54,25.8,57,745,187,82.49,Placement
2026-01-03 07:00,PB-3,368.66,1341.78,27.8,50,624,89,78.33,Placement
2026-01-03 08:00,PB-4,319.69,760.7,23.0,58,418,81,80.48,Placement
2026-01-03 09:00,PB-5,221.07,770.46,27.9,55,612,174,85.48,Placement
2026-01-03 10:00,PB-1,381.04,881.2,22.7,49,679,191,78.04,Placement
2026-01-03 11:00,PB-2,356.96,1118.99,26.6,49,528,71,76.36,Placement
2026-01-03 12:00,PB-3,382.17,1252.47,23.4,51,446,117,77.02,Placement
2026-01-03 13:00,PB-4,331.96,1183.34,27.8,51,500,219,77.19,Placement
2026-01-03 14:00,PB-5,244.02,565.43,24.4,48,591,220,83.15,Placement
2026-01-03 15:00,PB-1,329.55,878.18,25.5,48,762,103,76.4,Placement
2026-01-03 16:00,PB-2,268.13,868.41,24.8,55,536,209,81.88,Placement
2026-01-03 17:00,PB-3,260.48,1033.0,25.2,45,671,107,83.25,Placement
2026-01-03 18:00,PB-4,341.69,912.99,27.4,54,720,117,76.72,Placement
2026-01-03 19:00,PB-5,246.1,957.79,24.2,46,706,152,82.9,Placement
2026-01-03 20:00,PB-1,418.93,921.01,22.6,43,615,108,73.48,Placement
2026-01-03 21:00,PB-2,288.93,954.37,26.0,41,574,136,78.9,Placement
2026-01-03 22:00,PB-3,271.65,552.51,23.3,55,426,101,84.05,Placement
2026-01-03 23:00,PB-4,297.27,883.2,22.7,60,688,99,81.86,Placement
2026-01-04 00:00,PB-5,401.0,1277.05,25.1,56,700,93,72.35,Placement
2026-01-04 01:00,PB-1,282.47,793.04,24.8,51,647,74,83.52,Placement
2026-01-04 02:00,PB-2,386.11,683.19,27.4,57,779,104,76.14,Placement
2026-01-04 03:00,PB-3,368.22,1042.3,22.8,59,478,112,76.03,Placement
2026-01-04 04:00,PB-4,224.69,871.94,22.3,46,797,191,83.2,Placement
2026-01-04 05:00,PB-5,311.62,635.17,22.8,51,413,146,78.31,Placement
2026-01-04 06:00,PB-1,309.08,1224.86,22.8,60,483,179,81.76,Placement
2026-01-04 07:00,PB-2,402.53,610.5,27.1,57,643,127,76.31,Placement
2026-01-04 08:00,PB-3,276.45,1302.9,25.4,43,439,116,84.49,Placement
2026-01-04 09:00,PB-4,393.52,772.84,26.1,58,612,196,73.88,Placement
2026-01-04 10:00,PB-5,365.2,667.73,27.9,60,412,90,76.81,Placement
2026-01-04 11:00,PB-1,326.67,1050.61,24.5,57,594,156,76.97,Placement
2026-01-04 12:00,PB-2,393.33,963.78,23.7,51,783,144,72.91,Placement
2026-01-04 13:00,PB-3,365.49,1030.53,24.8,55,545,156,77.68,Placement
2026-01-04 14:00,PB-4,325.22,1214.05,24.5,49,505,134,78.49,Placement
2026-01-04 15:00,PB-5,356.0,725.0,26.4,47,676,68,77.17,Placement
2026-01-04 16:00,PB-1,367.24,662.28,24.7,48,642,119,76.11,Placement
2026-01-04 17:00,PB-2,410.17,955.55,24.5,54,519,92,74.56,Placement
2026-01-04 18:00,PB-3,360.17,782.29,27.4,49,743,65,77.36,Placement
2026-01-04 19:00,PB-4,405.27,506.78,25.0,57,436,123,77.67,Placement
2026-01-04 20:00,PB-5,406.08,1353.97,26.2,45,551,155,75.72,Placement
2026-01-04 21:00,PB-1,236.03,550.9,24.2,58,533,211,86.1,Placement
2026-01-04 22:00,PB-2,389.5,556.28,23.3,45,683,126,77.71,Placement
2026-01-04 23:00,PB-3,280.89,542.98,27.1,60,463,93,82.84,Placement
2026-01-05 00:00,PB-4,237.9,573.0,23.0,46,620,152,84.8,Placement
2026-01-05 01:00,PB-5,236.56,1206.88,22.9,55,456,168,85.19,Placement
2026-01-05 02:00,PB-1,348.1,1279.7,25.0,50,750,174,78.9,Placement
2026-01-05 03:00,PB-2,373.96,984.59,26.9,55,674,116,78.12,Placement
2026-01-05 04:00,PB-3,395.04,780.2,23.2,54,447,155,74.04,Placement
2026-01-05 05:00,PB-4,391.19,792.41,27.8,56,540,197,77.69,Placement
2026-01-05 06:00,PB-5,360.14,1293.68,27.0,43,652,96,79.17,Placement
2026-01-05 07:00,PB-1,402.73,1388.89,22.3,45,725,64,73.63,Placement
2026-01-05 08:00,PB-2,316.58,927.22,26.5,45,543,71,79.95,Placement
2026-01-05 09:00,PB-3,272.55,1061.47,23.9,46,680,132,83.28,Placement
2026-01-05 10:00,PB-4,329.83,1019.66,22.1,41,628,81,79.77,Placement
2026-01-05 11:00,PB-5,262.95,958.43,25.5,57,448,143,82.29,Placement
