timestamp,campus,building_id,energy_consumption_kWh,avg_power_kW,electricity_coverage,water_consumption_L,water_coverage,air_temperature,relative_humidity,relative_energy,relative_water,energy_efficiency,water_efficiency,environmental_deviation,environmental_efficiency,day_of_week,month,is_weekend,energy_reference_kWh,water_reference_L,BSEI
2021-01-10,UNICON Campus,Unknown,51370.98656,2140.457773333333,1.0,170190.989941578,1.0,24.50027777777778,61.10625,66.47059261335302,0.5073297497429785,1.4821271924060309,66.3424841293363,1.6124743108990736,38.27788835388983,6,1,1,772.8378,335464.242,31.54
2021-01-11,UNICON Campus,Unknown,58190.01798,2424.5840825,1.0,237880.213,1.0,28.77145833333333,41.52986111111111,75.29395945695202,0.7091075089904813,1.3107197570002096,58.51007000669432,3.294376867839137,23.286265522922868,0,1,0,772.8378,335464.242,25.73
2021-01-12,UNICON Campus,Unknown,54075.6323,2253.1513458333334,1.0,277020.024,1.0,19.779791666666668,65.8013888888889,69.97022182403603,0.8257810798207219,1.409041671701979,54.77107913168826,0.6171022635497007,61.83900811596789,1,1,0,772.8378,335464.242,32.17
2021-02-10,UNICON Campus,Unknown,55564.03097,2315.1679570833335,1.0,168824.50976176,1.0,22.52402777777778,66.40833333333333,71.8961093388548,0.5032563493362133,1.3718153260437234,66.5222535359033,1.066114234667166,48.40003438440527,2,2,0,772.8378,335464.242,33.58
2021-02-11,UNICON Campus,Unknown,60894.19235,2537.258014583333,1.0,239307.347,1.0,25.878541666666667,56.418055555555554,78.79297874663997,0.7133617150170062,1.253243099465201,58.36479193128664,2.052748172005708,32.75736954558498,3,2,0,772.8378,335464.242,27.54
2021-02-12,UNICON Campus,Unknown,57528.54859,2397.0228579166665,1.0,290527.11,1.0,19.962847222222223,71.72083333333333,74.43806266981247,0.8660449419822216,1.3255907755438199,53.58927738030477,0.4842705746608901,67.37316073442129,4,2,0,772.8378,335464.242,32.83
2021-03-10,UNICON Campus,Unknown,53754.80066,2239.7833608333335,1.0,163781.03748002,1.0,16.520069444444445,75.61319444444445,69.55508731586369,0.4882220426939572,1.4173322407258346,67.19427419512044,0.42636027339780647,70.1085145632841,2,3,0,772.8378,335464.242,38.18
2021-03-11,UNICON Campus,Unknown,55938.23157,2330.75964875,1.0,239598.805,1.0,17.696527777777778,82.92986111111111,72.38029968254659,0.7142305348896172,1.3627635814055536,58.33521102600077,0.9659670370813503,50.865552735034015,3,3,0,772.8378,335464.242,31.2
2021-03-12,UNICON Campus,Unknown,57697.33768,2404.0557366666667,1.0,293133.117,1.0,21.96819444444445,69.13194444444444,74.65646437066096,0.873813301985253,1.3217641193232827,53.36710967632303,0.8985937571692951,52.67056189476511,4,3,0,772.8378,335464.242,29.81
2021-04-10,UNICON Campus,Unknown,49507.42558,2062.809399166667,1.0,171309.962699077,1.0,12.658541666666666,72.42708333333333,64.05927036695151,0.5106653444723238,1.5370599675645535,66.19599791966502,0.9944801867545164,50.13837723939653,5,4,1,772.8378,335464.242,33.89
2021-04-11,UNICON Campus,Unknown,48017.71437,2000.73809875,1.0,242175.462,1.0,9.652222222222225,85.93194444444444,62.13168451387859,0.7219114041966952,1.5839906818582743,58.07499721314171,2.000468439789628,33.32812925938035,6,4,1,772.8378,335464.242,27.7
2021-04-12,UNICON Campus,Unknown,58729.98062,2447.0825258333334,1.0,295219.945,1.0,11.875416666666666,91.0375,75.9926347029092,0.8800340186481037,1.2988255355316662,53.190526877757286,1.9886299334840993,33.46014803626808,0,4,0,772.8378,335464.242,25.89
2021-05-10,UNICON Campus,Unknown,60719.50664,2529.979443333333,1.0,171757.183385655,1.0,13.823055555555555,76.36041666666667,78.56694721712628,0.5119984841354716,1.2568032769576414,66.1376324442401,0.868509908534641,53.51858159447703,0,5,0,772.8378,335464.242,34.42
2021-05-11,UNICON Campus,Unknown,61597.02733,2566.5428054166664,1.0,243006.173,1.0,11.52951388888889,89.92083333333333,79.70239981791781,0.7243877068721977,1.23912052461416,57.99159875790709,1.9575149904124247,33.81217012396445,1,5,0,772.8378,335464.242,27.62
2021-05-12,UNICON Campus,Unknown,61086.02881,2545.251200416667,1.0,296970.819,1.0,11.060625,86.62013888888889,79.04120219016202,0.8852532753699573,1.2493565471745394,53.04327079361592,1.8215286652832983,35.44178063133709,2,5,0,772.8378,335464.242,26.22
2021-06-10,UNICON Campus,Unknown,1579.52699,65.81362458333334,1.0,172336.790590521,1.0,12.295069444444444,93.90625,2.0438014160280464,0.5137262605488695,32.8536544708272,66.06214254599804,2.140462805671064,31.842440489796434,3,6,0,772.8378,335464.242,44.27
2021-06-11,UNICON Campus,Unknown,48836.90067,2034.8708612500002,1.0,244045.878,1.0,9.22048611111111,99.42986111111112,63.19165634755443,0.7274870088836473,1.5578348603215284,57.887555440791964,2.854852688200021,25.94132852498025,4,6,0,772.8378,335464.242,26.15
2021-06-12,UNICON Campus,Unknown,47787.44605,1991.1435854166666,1.0,299161.958,1.0,12.166597222222224,88.50902777777777,61.83373283501402,0.8917849372452638,1.591501817384867,52.86013120794572,1.7881175978270396,35.86649289037753,5,6,1,772.8378,335464.242,26.39
2021-07-10,UNICON Campus,Unknown,1750.33028,72.93042833333332,1.0,173076.654972479,1.0,6.727083333333333,96.35416666666669,2.2648093558570763,0.515931754575735,30.6296598362167,65.96603026366915,2.999107176267428,25.005581394128857,5,7,1,772.8378,335464.242,41.87
2021-07-11,UNICON Campus,Unknown,42587.04754,1774.4603141666666,1.0,244874.908,1.0,9.877083333333331,81.3125,55.10476783097307,0.729958300592884,1.7823797132762438,57.80486151933744,1.7582662751480533,36.25465782654808,6,7,1,772.8378,335464.242,28.28
2021-07-12,UNICON Campus,Unknown,52595.748,2191.4895,1.0,301713.922,1.0,12.304166666666667,69.4375,68.05535132986508,0.8993921981109391,1.448113695379202,52.64842095247947,1.0677776690833802,48.3610987269868,0,7,0,772.8378,335464.242,28.75
2021-08-10,UNICON Campus,Unknown,54694.28276,2278.9284483333336,1.0,174352.775563676,1.0,13.276470588235297,68.0,70.77071380307744,0.5197357981411205,1.3933259779800617,65.80091100197545,0.8991606586573835,52.65483967569929,1,8,0,772.8378,335464.242,34.19
2021-08-11,UNICON Campus,Unknown,54288.5179,2262.0215791666665,1.0,246179.647,1.0,14.432692307692308,56.13461538461539,70.24568143535421,0.7338476540220938,1.4035938457650436,57.675194108331816,1.3689331137571201,42.2130955995631,2,8,0,772.8378,335464.242,29.26
2021-08-12,UNICON Campus,Unknown,54203.54864,2258.4811933333335,1.0,303223.021,1.0,11.479166666666666,70.85416666666667,70.13573694247357,0.9038907371832494,1.4057631831503838,52.5240225434087,1.225659109227208,44.93051051053453,3,8,0,772.8378,335464.242,28.0
2021-09-10,UNICON Campus,Unknown,53361.50468,2223.396028333333,1.0,175693.892242144,1.0,13.854166666666666,69.10416666666667,69.04618883807184,0.5237335913797453,1.4276294207979452,65.62827029982958,0.7645041252475797,56.67314605227623,4,9,0,772.8378,335464.242,34.95
2021-09-11,UNICON Campus,Unknown,46677.93527,1944.9139695833335,1.0,248782.35,1.0,18.017647058823528,46.6078431372549,60.39810070107855,0.7416061649873252,1.628714876488734,57.41826252706666,1.9918814456369267,33.423784269871526,5,9,1,772.8378,335464.242,27.51
2021-09-12,UNICON Campus,Unknown,47026.55458,1959.439774166667,1.0,307944.115,1.0,11.60204081632653,66.36734693877551,60.84919058048145,0.917964052335569,1.616836033931191,52.13862057436721,1.260128826590825,44.24526550145367,6,9,1,772.8378,335464.242,27.83
2021-10-10,UNICON Campus,Unknown,46846.36986,1951.9320774999999,1.0,176039.344242144,1.0,11.640816326530611,74.75510204081633,60.616043702831305,0.5247633643234738,1.62295392547907,65.58394721424152,1.2302737172788505,44.83754582464867,6,10,1,772.8378,335464.242,32.65
2021-10-11,UNICON Campus,Unknown,53025.38598,2209.3910825,1.0,251304.199,1.0,9.429166666666667,78.20833333333333,68.61127390508072,0.7491236547351594,1.4365489149983979,57.17148683529829,1.7381233959582847,36.52136355418056,0,10,0,772.8378,335464.242,27.96
2021-10-12,UNICON Campus,Unknown,53290.3921,2220.4330041666667,1.0,308752.748,1.0,11.966666666666669,70.5625,68.95417395474186,0.9203745417372978,1.4295072666385402,52.07317522004503,1.1281950487057568,46.9881743502853,1,10,0,772.8378,335464.242,28.27
2021-10-13,UNICON Campus,Unknown,52737.81975,2197.4091562500003,1.0,177102.52071229,1.0,13.820408163265308,79.55102040816327,68.23918259432963,0.5279326334646719,1.4442689276951333,65.44791164859438,1.0229110949987046,49.4337097894379,2,10,0,772.8378,335464.242,33.44
2021-10-14,UNICON Campus,Unknown,52478.31325,2186.5963854166666,1.0,195792.55103372,1.0,12.39591836734694,79.28571428571429,67.9033986821038,0.5836465605586659,1.4513072201469344,63.14540282569288,1.2375792617276433,44.69115428017939,3,10,0,772.8378,335464.242,31.69
2021-10-15,UNICON Campus,Unknown,52362.53833,2181.772430416667,1.0,222060.556464036,1.0,11.240816326530611,90.77551020408164,67.75359374243858,0.6619500043883544,1.4544694256218111,60.17028173889195,2.0480952460054,32.807373762697324,4,10,0,772.8378,335464.242,28.28
2021-10-16,UNICON Campus,Unknown,44489.99083,1853.7496179166667,1.0,223247.768,1.0,12.209615384615384,89.4423076923077,57.56704813092735,0.6654890150706435,1.7074447695647694,60.0424254348855,1.8439078822206483,35.16288295594005,5,10,1,772.8378,335464.242,28.82
2021-10-17,UNICON Campus,Unknown,44782.27537,1865.9281404166668,1.0,223966.011,1.0,13.047916666666666,74.41666666666667,57.94524461665824,0.6676300569763856,1.696489693958102,59.96533798467993,0.9499729926231145,51.28276154506091,6,10,1,772.8378,335464.242,32.01
2021-10-18,UNICON Campus,Unknown,51340.28822,2139.1786758333333,1.0,224509.13,1.0,12.420833333333334,82.64583333333333,66.43087103141177,0.6692490641074049,1.4830002708020238,59.90717751486226,1.400652384677625,41.6553436217,0,10,0,772.8378,335464.242,29.97
2021-10-19,UNICON Campus,Unknown,52041.17393,2168.3822470833334,1.0,225085.101,1.0,12.01875,86.5,67.33776987875075,0.670966001199019,1.463319628039171,59.84562218994519,1.680928482955134,37.300510116469795,1,10,0,772.8378,335464.242,29.06
2021-10-20,UNICON Campus,Unknown,53246.87296,2218.619706666667,1.0,225764.248,1.0,15.304166666666667,75.85416666666667,68.89786312211955,0.6729905001320527,1.4306589004772376,59.773202532893514,0.5999498263400758,62.50195997005258,2,10,0,772.8378,335464.242,34.06
2021-10-21,UNICON Campus,Unknown,53710.04064,2237.91836,1.0,227027.673,1.0,18.245833333333334,70.0625,69.49717086819511,0.6767566988555519,1.4184966399143135,59.638944677098166,0.1583552157265785,86.32930438119102,3,10,0,772.8378,335464.242,38.78
2021-10-22,UNICON Campus,Unknown,54487.71994,2270.321664166667,1.0,228210.358,1.0,18.70625,78.5,70.50343544272809,0.6802822161892295,1.3985342016202387,59.51381204687953,0.6468763752131724,60.721011913876026,4,10,0,772.8378,335464.242,33.6
2021-10-23,UNICON Campus,Unknown,45784.70453,1907.6960220833334,1.0,229507.608,1.0,12.997916666666669,90.29166666666669,59.24232035493088,0.684149245331489,1.6599626211412177,59.377160472685496,1.8150814239580135,35.52295118320225,5,10,1,772.8378,335464.242,28.63
2021-10-24,UNICON Campus,Unknown,46744.31258,1947.6796908333333,1.0,230019.739,1.0,11.464583333333332,76.27083333333333,60.483988464332356,0.6856758789808661,1.626439704021662,59.32338550187861,1.2995216963244751,43.48730440762471,6,10,1,772.8378,335464.242,30.19
2021-10-25,UNICON Campus,Unknown,52665.83056,2194.4096066666666,1.0,230595.797,1.0,11.597916666666668,65.89583333333333,68.14603343677031,0.6873930754145772,1.4462145553358994,59.26301432488154,1.2730691995157148,43.99338129314556,0,10,0,772.8378,335464.242,30.19
2021-10-26,UNICON Campus,Unknown,52690.25661,2195.4273587499997,1.0,231329.148,1.0,12.0875,75.875,68.17763909839813,0.6895791534168937,1.4455538133899049,59.18633631207309,1.1705906984888872,46.070408423669,1,10,0,772.8378,335464.242,30.58
2021-10-27,UNICON Campus,Unknown,52782.87725,2199.2865520833334,1.0,232024.129,1.0,17.233333333333334,61.35416666666666,68.29748396105883,0.6916508526115877,1.443053835204092,59.11385310131756,0.7928658222839862,55.776622409259254,2,10,0,772.8378,335464.242,32.49
2021-10-28,UNICON Campus,Unknown,54252.56954,2260.523730833333,1.0,233380.564,1.0,17.71896551724138,75.10344827586206,70.19916668154688,0.6956943089034211,1.4045108202919123,58.97289356633415,0.33015985560843286,75.17893400433339,3,10,0,772.8378,335464.242,36.31
2021-10-29,UNICON Campus,Unknown,49692.28329,2070.51180375,1.0,234158.307,1.0,13.911475409836068,64.80327868852459,64.29846377855742,0.6980127169559848,1.531429595941548,58.89237400958297,0.8951862765278406,52.76526177849357,4,10,0,772.8378,335464.242,31.85
2021-10-30,UNICON Campus,Unknown,44706.28498,1862.7618741666665,1.0,233756.424,1.0,10.077083333333333,76.91666666666667,57.8469181761037,0.6968147263814782,1.6993243333617352,58.93395339233871,1.5810915607233849,38.743298192790064,5,10,1,772.8378,335464.242,29.14
2021-10-31,UNICON Campus,Unknown,45599.25201,1899.96883375,1.0,235847.899,1.0,13.104166666666666,71.91666666666667,59.002357299293585,0.703049295489443,1.666601188703253,58.718206375383154,0.9012902472733985,52.59586228005322,6,10,1,772.8378,335464.242,31.82
2021-11-10,UNICON Campus,Unknown,53665.3185,2236.0549375,1.0,176472.314544577,1.0,12.177083333333334,87.5625,69.43930343469225,0.5260540243945792,1.4196619660317187,65.52847959604334,1.726280089822751,36.68001698479245,2,11,0,772.8378,335464.242,30.91
2021-11-11,UNICON Campus,Unknown,53305.62781,2221.0678254166664,1.0,253082.035,1.0,11.697916666666666,77.16666666666667,68.9738879361232,0.7544232836595443,1.4291045266955384,56.99878753969248,1.281685174751429,43.82725588375451,3,11,0,772.8378,335464.242,29.36
2021-11-12,UNICON Campus,Unknown,51863.77055,2160.990439583333,1.0,304516.898,1.0,11.497916666666669,96.5625,67.10822186751217,0.9077477116025975,1.4682515158672833,52.417832500501504,2.4078964029947767,29.343614997252388,4,11,0,772.8378,335464.242,24.88
2021-11-13,UNICON Campus,Unknown,43729.69671,1822.0706962499999,1.0,255115.637,1.0,11.278,86.56,56.58327880701487,0.760485336615996,1.7366152478941137,56.80251798757946,1.78688363777986,35.88237364645188,5,11,1,772.8378,335464.242,27.84
2021-11-14,UNICON Campus,Unknown,44103.74202,1837.6559175,1.0,255512.556,1.0,10.648214285714284,71.625,57.067268215918006,0.7616685297862537,1.722140597834891,56.76436759197439,1.39347394140771,41.78027521836544,6,11,1,772.8378,335464.242,29.0
2021-11-15,UNICON Campus,Unknown,51798.94479,2158.28936625,1.0,257553.252,1.0,10.13265306122449,70.61224489795919,67.02434170533584,0.7677517295569165,1.4700620027044815,56.56902964822147,1.4968967747827573,40.0497133121174,0,11,0,772.8378,335464.242,28.47
2021-11-16,UNICON Campus,Unknown,53372.63485,2223.859785416667,1.0,259062.521,1.0,10.629166666666666,79.27083333333333,69.06059052753372,0.7722507753896464,1.4273359565917465,56.42542318990609,1.5480500233622057,39.24569733056021,1,11,0,772.8378,335464.242,28.24
2021-11-17,UNICON Campus,Unknown,51564.38693,2148.5161220833334,1.0,255187.869,1.0,14.379166666666668,72.5,66.7208396509591,0.760700656137294,1.4766503267740234,56.79557149673846,0.6526547778668786,60.50870474538694,2,11,0,772.8378,335464.242,32.64
2021-11-18,UNICON Campus,Unknown,52712.79343,2196.3663929166664,1.0,261277.091,1.0,17.570588235294117,63.45098039215687,68.20680022379857,0.7788522837554769,1.4449447117425376,56.21602249562961,0.6193413678038288,61.753501755853534,3,11,0,772.8378,335464.242,32.68
2021-11-19,UNICON Campus,Unknown,51552.93813,2148.0390887500002,1.0,264413.654,1.0,14.754166666666665,71.10416666666667,66.70602567576276,0.7882022012945271,1.476973415614288,55.92208751762376,0.5666513251518227,63.83041229056446,4,11,0,772.8378,335464.242,33.0
2021-11-20,UNICON Campus,Unknown,44573.31921,1857.2216337500001,1.0,266065.359,1.0,13.704166666666666,67.45833333333333,57.674869435734124,0.7931258408161427,1.7043071584424878,55.76853432355027,0.8313370661770757,54.60491235988056,5,11,1,772.8378,335464.242,31.21
2021-11-21,UNICON Campus,Unknown,45112.09593,1879.6706637500001,1.0,267506.4,1.0,13.64375,75.79166666666667,58.37201018117903,0.7974215028259256,1.684295338743644,55.635252968087286,0.8787781683930335,53.22608154720711,6,11,1,772.8378,335464.242,30.88
2021-11-22,UNICON Campus,Unknown,50628.04452,2109.501855,1.0,269149.7,1.0,15.70625,81.16666666666667,65.50927571089302,0.8023200875162128,1.503549676810295,55.48404009512569,0.9036862999739511,52.529663107502714,0,11,0,772.8378,335464.242,30.6
2021-11-23,UNICON Campus,Unknown,54125.60973,2255.2337387499997,1.0,271063.363,1.0,19.816666666666663,71.10416666666667,70.03488924842961,0.8080246090729396,1.4077589344902193,55.308981690948755,0.4519012315877255,68.87520846762081,1,11,0,772.8378,335464.242,33.77
2021-11-24,UNICON Campus,Unknown,54815.38173,2283.97423875,1.0,273320.366,1.0,20.31458333333333,82.54166666666667,70.92740770443682,0.8147526078204185,1.3902906164909865,55.10392963154549,1.0849980866561093,47.96167470847831,2,11,0,772.8378,335464.242,29.5
2021-11-25,UNICON Campus,Unknown,53005.88122,2208.5783841666666,1.0,275493.064,1.0,15.010416666666666,93.08333333333331,68.58603606086555,0.8212292981139849,1.4370699304172456,54.90796798819196,1.8643777012685365,34.91159701310109,3,11,0,772.8378,335464.242,26.85
2021-11-26,UNICON Campus,Unknown,39581.84868,1649.2436950000001,1.0,198598.194,1.0,15.151020408163264,79.85714285714286,51.216243149597496,0.5920100241265058,1.915112883810961,62.81367484156853,0.8654888626916295,53.60525168492002,4,11,0,772.8378,335464.242,33.57
2021-11-29,UNICON Campus,Unknown,46166.92541,1923.6218920833335,1.0,158913.00400000002,1.0,19.316666666666663,63.4375,59.73688840012743,0.47371070923261027,1.6464458854265276,67.85592272181556,0.7129869488922587,58.37756094094426,0,11,0,772.8378,335464.242,36.17
2021-11-30,UNICON Campus,Unknown,55349.71777,2306.238240416667,1.0,284339.528,1.0,22.24791666666667,57.958333333333336,71.61880250940106,0.8476001087472088,1.377053828270636,54.12426613668387,1.4221399669939923,41.28580567707879,1,11,0,772.8378,335464.242,27.82
2021-12-10,UNICON Campus,Unknown,50014.97749,2083.9573954166667,1.0,176894.588139628,1.0,15.133333333333333,73.72916666666667,64.71600831377553,0.5273127981838016,1.5216992414166122,65.47447262860275,0.5362193992891235,65.09486864068661,4,12,0,772.8378,335464.242,36.62
2021-12-11,UNICON Campus,Unknown,43356.55069,1806.5229454166665,1.0,254752.62,1.0,16.58125,69.9375,56.10045301873174,0.7594032033971596,1.7512995906914277,56.8374547726832,0.21908865004685493,82.02848906530018,5,12,1,772.8378,335464.242,37.09
2021-12-12,UNICON Campus,Unknown,43187.07823,1799.4615929166666,1.0,315170.42,1.0,18.620833333333334,65.91666666666667,55.881167083183556,0.9395052602953728,1.7580511288342424,51.55954049063559,0.46900491141675993,68.07329180646272,6,12,1,772.8378,335464.242,32.45
2021-12-13,UNICON Campus,Unknown,54305.22899,2262.7178745833335,1.0,318248.279,1.0,22.112244897959183,62.63265306122449,70.26730445896928,0.9486801845187421,1.4031679850831595,51.316783941484275,1.142547440082187,46.673412279806534,0,12,0,772.8378,335464.242,27.93
2021-12-14,UNICON Campus,Unknown,53020.87531,2209.203137916667,1.0,321997.946,1.0,18.8,73.60416666666667,68.60543740225957,0.9598577305297414,1.4366693714182988,51.0241118231426,0.3224138736495961,75.6192913524267,1,12,0,772.8378,335464.242,33.63
2021-12-15,UNICON Campus,Unknown,52145.21824,2172.7174266666666,1.0,325121.076,1.0,15.814583333333331,86.0625,67.47239620008234,0.9691676050528211,1.460442536694513,50.78287888923381,1.2706380852836034,44.04048388341464,2,12,0,772.8378,335464.242,27.24
2021-12-16,UNICON Campus,Unknown,49979.15912,2082.4649633333333,1.0,327430.13300000003,1.0,16.072916666666668,65.91666666666667,64.66966175826285,0.9760507738407481,1.5227731850989403,50.60598711521726,0.5158614030094228,65.96909176622026,3,12,0,772.8378,335464.242,31.59
2021-12-17,UNICON Campus,Unknown,52389.80048,2182.9083533333333,1.0,330204.976,1.0,20.072916666666668,56.6875,67.78886912622545,0.9843224244448683,1.453723564149646,50.395035992185534,1.273422074491661,43.98655274883793,4,12,0,772.8378,335464.242,27.09
2021-12-18,UNICON Campus,Unknown,47379.32755,1974.1386479166667,1.0,333467.029,1.0,23.726530612244897,47.67346938775511,61.30565501583903,0.9940464206018117,1.604990750431538,50.14928387164607,2.2706546324563956,30.574918858031765,5,12,1,772.8378,335464.242,24.39
2021-12-19,UNICON Campus,Unknown,44030.25317,1834.5938820833335,1.0,335464.242,1.0,17.098181818181818,75.0,56.972178599442216,1.0,1.7249653612459228,50.0,0.3341911287707283,74.95178002879999,6,12,1,772.8378,335464.242,33.27
2021-12-20,UNICON Campus,Unknown,50914.70361,2121.44598375,1.0,338217.287,1.0,18.70833333333333,54.0625,65.88019324365345,1.0082066719945668,1.4952109907291489,49.79567162809951,1.402083420182317,41.63052754945957,0,12,0,772.8378,335464.242,26.43
2021-12-21,UNICON Campus,Unknown,51574.71857,2148.946607083333,1.0,340835.206,1.0,18.977083333333333,71.0625,66.73420809644662,1.016010540998286,1.4763588858617815,49.60291524591043,0.28297186007833053,77.94403222054659,1,12,0,772.8378,335464.242,33.61
2021-12-22,UNICON Campus,Unknown,50050.00744,2085.416976666667,1.0,342114.174,1.0,17.145833333333332,67.1875,64.76133470697215,1.0198230725288449,1.5206504011147723,49.50928690739169,0.326680775081642,75.37608283639004,2,12,0,772.8378,335464.242,33.09
2021-12-23,UNICON Campus,Unknown,45181.70693,1882.5711220833334,1.0,338975.803,1.0,16.570833333333333,66.97916666666667,58.462082121242,1.0104677654436862,1.6817440027764583,49.73966840892432,0.3883984644134443,72.02543258519587,3,12,0,772.8378,335464.242,32.57
2021-12-24,UNICON Campus,Unknown,45887.96611,1911.9985879166668,1.0,342910.724,1.0,19.725,61.47916666666666,59.375933876422714,1.0221975431885224,1.6562890804253183,49.45115294835335,0.8921554248314333,52.84978109496936,4,12,0,772.8378,335464.242,28.62
2021-12-25,UNICON Campus,Unknown,41245.07986,1718.5449941666666,1.0,343419.533,1.0,18.495833333333334,73.64583333333333,53.368352143231085,1.023714274143114,1.8393053322005106,49.414090357366405,0.28077870199092386,78.07750069903071,5,12,1,772.8378,335464.242,33.74
2021-12-26,UNICON Campus,Unknown,40312.06182,1679.6692425,1.0,343789.297,1.0,15.660416666666668,60.583333333333336,52.16108971377953,1.0248165197887171,1.8810750595671042,49.387190899862205,0.93528428424062,51.6719950729299,6,12,1,772.8378,335464.242,28.47
2021-12-27,UNICON Campus,Unknown,44363.7972,1848.49155,1.0,344071.955,1.0,17.072916666666668,56.583333333333336,57.403762083065814,1.0256591073572605,1.7122184673270393,49.36664794031568,1.182401869074802,45.82107512691673,0,12,0,772.8378,335464.242,27.21
2021-12-28,UNICON Campus,Unknown,43521.99516,1813.416465,1.0,344438.743,1.0,17.41875,66.1875,56.314527006831185,1.0267524817145786,1.7447583574768266,49.340016061262034,0.397848375165201,71.53851717871888,1,12,0,772.8378,335464.242,32.36
2021-12-29,UNICON Campus,Unknown,44208.13669,1842.0056954166666,1.0,344911.612,1.0,18.379166666666663,70.29166666666667,57.20234787946448,1.0281620775546028,1.7181437458003814,49.30572418579687,0.17434919134040888,85.15354780110967,2,12,0,772.8378,335464.242,35.06
2021-12-30,UNICON Campus,Unknown,47351.49278,1972.9788658333334,1.0,345479.94200000004,1.0,23.13958333333333,60.125,61.269638700384476,1.0298562372558324,1.6059190656486426,49.26457261583719,1.4308788491594264,41.137385367674334,3,12,0,772.8378,335464.242,26.19
2021-12-31,UNICON Campus,Unknown,49527.10329,2063.62930375,1.0,345073.948,1.0,28.0125,42.020833333333336,64.0847319968045,1.028645992022005,1.5364586583057567,49.29396276790874,3.1619022012713813,24.027474737261226,4,12,0,772.8378,335464.242,22.75
2022-01-01,UNICON Campus,Unknown,45665.12447,1902.7135195833334,1.0,346865.753,1.0,27.4530612244898,37.63265306122449,59.08759182068993,1.0339872617481538,1.664237107361774,49.164516356927855,3.369334274299049,22.886781766323544,5,1,1,772.8378,335464.242,22.53
2022-01-02,UNICON Campus,Unknown,44233.31935,1843.0549729166667,1.0,393143.171,1.0,23.82708333333333,52.6875,57.23493254341337,1.1719376367988572,1.7171823789003502,46.04183762264303,1.9544652965154958,33.8470721311028,6,1,1,772.8378,335464.242,23.66
2022-01-03,UNICON Campus,Unknown,46509.49867,1937.8957779166667,1.0,456229.266,1.0,18.77083333333333,62.22916666666666,60.18015509852132,1.3599937307178032,1.6345169416286252,42.37299391875272,0.7582383250639607,56.87511105547209,0,1,0,772.8378,335464.242,26.94
2022-01-13,UNICON Campus,Unknown,53683.57444,2236.8156016666667,1.0,347265.347,1.0,25.579166666666666,56.895833333333336,69.46292539003656,1.035178428942659,1.4191860392747755,49.13574091484117,1.981139047708118,33.54422534463107,3,1,0,772.8378,335464.242,24.54
2022-01-14,UNICON Campus,Unknown,54813.17993,2283.8824970833334,1.0,349077.873,1.0,25.620833333333334,68.66666666666667,70.92455872370631,1.0405814668020563,1.3903456868486845,49.005639631098525,1.6313250268308428,38.0036669663875,4,1,0,772.8378,335464.242,25.38
2022-01-15,UNICON Campus,Unknown,44796.24281,1866.5101170833334,1.0,353298.148,1.0,20.835416666666667,77.83333333333333,57.96331754218026,1.0531618687395004,1.695969700627234,48.70536586644925,0.8573123453173492,53.841240140421036,5,1,1,772.8378,335464.242,28.58
2022-01-16,UNICON Campus,Unknown,46849.86555,1952.0777312500002,1.0,353425.26,1.0,24.65,52.270833333333336,60.62056688997355,1.0535407824479843,1.6228347944048414,48.69637888602924,2.089661089666463,32.36600944176543,6,1,1,772.8378,335464.242,24.25
2022-01-17,UNICON Campus,Unknown,53317.31967,2221.5549862499997,1.0,354171.392,1.0,20.979166666666668,63.85416666666666,68.98901641456978,1.0557649598910157,1.42879561855341,48.643693199878946,0.9023898857167925,52.56546029328866,0,1,0,772.8378,335464.242,28.18
2022-01-18,UNICON Campus,Unknown,53225.59675,2217.7331979166665,1.0,352062.79,1.0,18.55,56.895833333333336,68.87033314105494,1.049479336161259,1.4312226019893017,48.792880335794564,1.1694470598539293,46.094694749883914,1,1,0,772.8378,335464.242,26.94
2022-01-19,UNICON Campus,Unknown,53566.52627,2231.9385945833333,1.0,357532.189,1.0,20.227083333333333,62.145833333333336,69.31147295072782,1.0657833063471485,1.4222429968161385,48.407787831738496,0.9011416288884407,52.599973868579156,2,1,0,772.8378,335464.242,28.1
2022-01-20,UNICON Campus,Unknown,54860.87267,2285.869694583333,1.0,359736.562,1.0,21.4375,55.770833333333336,70.98626991329876,1.0723544180306406,1.3891537944727705,48.25429430890014,1.467467811490929,40.52737771666272,3,1,0,772.8378,335464.242,25.62
2022-01-21,UNICON Campus,Unknown,56345.11255,2347.7130229166664,1.0,365599.999,1.0,24.12708333333333,50.22916666666666,72.90677623428874,1.089832993288149,1.353055904955105,47.85071358389252,2.147951874631851,31.766686398817605,4,1,0,772.8378,335464.242,23.71
2022-01-22,UNICON Campus,Unknown,49215.79143,2050.65797625,1.0,369728.668,1.0,25.49791666666667,48.0625,63.681915442024184,1.1021403229021351,1.546027190391914,47.57056363484993,2.45889851369203,28.910937861909094,5,1,1,772.8378,335464.242,23.13
2022-01-23,UNICON Campus,Unknown,45086.51447,1878.6047695833333,1.0,371138.625,1.0,26.527083333333334,48.125,58.33890949692161,1.106343325259686,1.6852348795723624,47.47564122181803,2.5943256295528503,27.82163062183112,6,1,1,772.8378,335464.242,22.94
2022-01-24,UNICON Campus,Unknown,54586.54618,2274.4394241666664,1.0,367379.608,1.0,27.741666666666664,48.833333333333336,70.63130993333918,1.0951379074256147,1.396037572020685,47.7295550071328,2.7311323194819632,26.801515314226158,0,1,0,772.8378,335464.242,22.69
2022-01-25,UNICON Campus,Unknown,56091.53366,2337.1472358333335,1.0,367867.311,1.0,27.683333333333334,51.145833333333336,72.57866224969845,1.0965917225836546,1.3590896727727586,47.69645845819177,2.601134587368294,27.76902600385172,1,1,0,772.8378,335464.242,22.86
2022-01-26,UNICON Campus,Unknown,53624.14754,2234.3394808333333,1.0,372183.869,1.0,27.433333333333334,59.708333333333336,69.38603098864988,1.10945913871798,1.4207364528925566,47.40551649688499,2.1888283313170276,31.359480539580723,2,1,0,772.8378,335464.242,23.5
2022-01-27,UNICON Campus,Unknown,58532.58846,2438.8578525,1.0,376731.416,1.0,26.018367346938778,69.57142857142857,75.73722255821338,1.1230151200437035,1.3031485459893903,47.10282044432234,1.703940145570193,36.98306715991027,3,1,0,772.8378,335464.242,24.47
2022-01-28,UNICON Campus,Unknown,57389.80566,2391.2419025,1.0,381900.919,1.0,24.846,78.74,74.25853867396238,1.1384251171545132,1.3287528798987638,46.763386380844885,1.5914814650955285,38.58796651525106,4,1,0,772.8378,335464.242,24.68
2022-01-29,UNICON Campus,Unknown,45544.10205,1897.67091875,1.0,384266.819,1.0,19.195833333333333,88.52083333333333,58.93099696986871,1.1454777317219997,1.6685856244019541,46.60966577347701,1.4577126017781246,40.68823992180829,5,1,1,772.8378,335464.242,25.2
2022-01-30,UNICON Campus,Unknown,48691.31378,2028.8047408333332,1.0,387850.838,1.0,23.416666666666668,77.75,63.003276728959165,1.1561614903802473,1.5624200058300082,46.37871534490888,1.295953392226821,43.55489111345203,6,1,1,772.8378,335464.242,25.65
2022-01-31,UNICON Campus,Unknown,55517.50418,2313.2293408333335,1.0,389605.088,1.0,26.36875,69.54166666666667,71.83590680994124,1.1613908107678432,1.3729492001924413,46.266505576783956,1.7744294160207248,36.043447139998534,0,1,0,772.8378,335464.242,24.02
2022-02-01,UNICON Campus,Unknown,54982.3885,2290.932854166667,1.0,347289.149,1.0,20.665306122448985,68.48979591836735,71.14350320338886,1.0352493813632748,1.3861262006930462,49.13402795534414,0.6568767751958368,60.35451851160166,1,2,0,772.8378,335464.242,29.89
2022-02-02,UNICON Campus,Unknown,50820.3678,2117.515325,1.0,396824.413,1.0,16.055102040816326,60.0,65.75812906666832,1.1829112117410117,1.4979449154444477,45.81038361163741,0.9503820778652656,51.27200518036554,2,2,0,772.8378,335464.242,26.96
2022-02-03,UNICON Campus,Unknown,46834.21896,1951.42579,1.0,460969.329,1.0,15.358333333333334,69.39583333333333,60.60032125757824,1.374123591390107,1.6233681571538514,42.12080633150508,0.4652901907831366,68.24586735720531,3,2,0,772.8378,335464.242,29.12
2022-02-13,UNICON Campus,Unknown,47616.81385,1984.0339104166667,1.0,422824.899,1.0,24.554166666666664,52.020833333333336,61.612946274108225,1.2604171952252363,1.5971137911673725,44.239620991750435,2.0915913044195458,32.34580193606,6,2,1,772.8378,335464.242,22.67
2022-02-14,UNICON Campus,Unknown,56413.32482,2350.5552008333334,1.0,424167.3,1.0,23.39591836734694,57.265306122448976,72.99503831204943,1.264418816953969,1.3514419653150702,44.16144189020524,1.6229482934195743,38.12503671951101,0,2,0,772.8378,335464.242,23.69
2022-02-15,UNICON Campus,Unknown,56561.00641,2356.7086004166667,1.0,426911.848,1.0,20.13958333333333,73.08333333333333,73.18612833119705,1.2726001598703922,1.3479608957830946,44.00246104255447,0.5423825566643553,64.83475812658678,1,2,0,772.8378,335464.242,28.97
2022-02-16,UNICON Campus,Unknown,58149.77325,2422.90721875,1.0,429874.455,1.0,20.2,73.5625,75.24188549007307,1.2814315243768961,1.3116149916441968,43.83212861377111,0.5667751715425892,63.82536678925265,2,2,0,772.8378,335464.242,28.7
2022-02-17,UNICON Campus,Unknown,55963.2872,2331.8036333333334,1.0,432943.118,1.0,19.960416666666667,66.08333333333333,72.41271997824123,1.2905790358425147,1.3621617620167046,43.657083399097054,0.6287480952820577,61.39684846887422,3,2,0,772.8378,335464.242,28.17
2022-02-18,UNICON Campus,Unknown,54092.49641,2253.8540170833335,1.0,434355.994,1.0,17.420833333333334,62.25,69.9920428452128,1.2947907395745624,1.4086085706539617,43.5769581406535,0.7176966853043489,58.21749605477149,4,2,0,772.8378,335464.242,27.53
2022-02-19,UNICON Campus,Unknown,47793.76255,1991.4067729166666,1.0,435074.925,1.0,17.985416666666666,61.9375,61.84190596008632,1.2969338323695314,1.5912948290192603,43.53629982316006,0.7471673391632929,57.23550215166531,5,2,1,772.8378,335464.242,27.4
2022-02-20,UNICON Campus,Unknown,49514.2886,2063.0953583333335,1.0,435618.007,1.0,17.977083333333333,70.16666666666667,64.06815065205144,1.298552729205636,1.5368501947249862,43.5056367119145,0.10955132551409309,90.12652024336646,6,2,1,772.8378,335464.242,33.94
2022-02-21,UNICON Campus,Unknown,54867.5226,2286.1467749999997,1.0,436333.094,1.0,16.597916666666666,68.1875,70.99487447430754,1.3006843632532374,1.3889877679512659,43.46532779429029,0.304995954616204,76.62859003222715,0,2,0,772.8378,335464.242,31.16
2022-02-22,UNICON Campus,Unknown,54343.03115,2264.2929645833333,1.0,437339.792,1.0,17.520833333333332,67.9375,70.31621790497307,1.3036852732578275,1.4022055983569865,43.40870741365721,0.2544750276032589,79.71461990044975,1,2,0,772.8378,335464.242,31.77
2022-02-23,UNICON Campus,Unknown,57663.3809,2402.6408708333333,1.0,414789.321,1.0,23.02083333333333,66.47916666666667,74.61252658707946,1.2364635900597714,1.3225321849923188,44.713448698410254,1.1582231966767342,46.33441071061676,2,2,0,772.8378,335464.242,25.51
2022-02-24,UNICON Campus,Unknown,57559.48209,2398.3117537499998,1.0,440967.018,1.0,21.329166666666666,80.60416666666667,74.47808853293667,1.314497829548104,1.3248878176924501,43.205916516035174,1.0837956980193517,47.989349481357515,3,2,0,772.8378,335464.242,25.32
2022-02-25,UNICON Campus,Unknown,55266.76281,2302.78178375,1.0,443657.231,1.0,19.61875,70.39583333333333,71.51146438489421,1.3225172028916274,1.3790922697298647,43.0567316683364,0.41562465947138016,70.64019359294137,4,2,0,772.8378,335464.242,29.82
2022-02-26,UNICON Campus,Unknown,47332.03054,1972.1679391666667,1.0,447002.141,1.0,21.902083333333334,72.04166666666667,61.24445587418214,1.332488191096087,1.6065687874617307,42.87267150236153,0.8750902345012966,53.33076678658946,5,2,1,772.8378,335464.242,26.39
2022-02-27,UNICON Campus,Unknown,47798.38404,1991.5993349999999,1.0,449666.155,1.0,20.17708333333333,81.04166666666667,61.84788585651478,1.3404294666970795,1.591143419339603,42.72720089322946,0.9666081529108483,50.8489705241923,6,2,1,772.8378,335464.242,25.84
2022-02-28,UNICON Campus,Unknown,57624.97273,2401.0405304166666,1.0,452778.848,1.0,20.98333333333333,82.125,74.5628290049995,1.3497082291113458,1.3234020128254285,42.55847545710804,1.1321194660164158,46.90168707424111,0,2,0,772.8378,335464.242,24.87
2022-03-01,UNICON Campus,Unknown,58840.74348,2451.6976449999997,1.0,347655.749,1.0,21.78125,89.97916666666667,76.13595437490247,1.0363421953031882,1.2964122996906453,49.107659916221074,1.7569524016019382,36.27193561335864,1,3,0,772.8378,335464.242,25.03
2022-03-02,UNICON Campus,Unknown,60669.27641,2527.8865170833333,1.0,331178.799,1.0,23.304166666666664,74.95833333333333,78.50195268657924,0.9872253359271597,1.2578307402615665,50.32141961562905,1.1963063009822277,45.530989896663414,2,3,0,772.8378,335464.242,27.28
2022-03-03,UNICON Campus,Unknown,60861.52536,2535.89689,1.0,465115.861,1.0,23.652083333333334,67.3125,78.75070986434669,1.3864841696004069,1.2539073341177362,41.90264543709251,1.261014148674937,44.22794083734717,3,3,0,772.8378,335464.242,24.08
2022-03-15,UNICON Campus,Unknown,59129.03249,2463.7096870833334,1.0,487834.092,1.0,21.46875,76.83333333333333,76.50898091423582,1.4542059359041908,1.2901730718231301,40.74637687776495,0.9140989110547839,52.24390412765763,1,3,0,772.8378,335464.242,25.29
2022-03-16,UNICON Campus,Unknown,58373.3857,2432.224404166667,1.0,491947.727,1.0,19.15,85.875,75.5312249219694,1.4664684500114322,1.3066562060382434,40.54379856330069,1.246461477656018,44.51445128021562,2,3,0,772.8378,335464.242,23.68
2022-03-17,UNICON Campus,Unknown,58443.91638,2435.1631825,1.0,495195.712,1.0,20.935416666666665,76.97916666666667,75.62248686593746,1.476150510253191,1.3050999006984074,40.38526720646509,0.830702975490988,54.623825567979075,3,3,0,772.8378,335464.242,25.65
2022-03-18,UNICON Campus,Unknown,56664.92952,2361.0387299999998,1.0,497769.409,1.0,19.2625,78.45833333333333,73.32059782790127,1.4838225559670826,1.3455220076614915,40.26052495568257,0.6913909902706004,59.12293524988052,4,3,0,772.8378,335464.242,26.52
2022-03-19,UNICON Campus,Unknown,47955.18146,1998.1325608333334,1.0,498962.708,1.0,20.20217391304348,72.58695652173913,62.05077114499316,1.4873797130365982,1.5860234249956666,40.20294910177577,0.543785936084142,64.7758200555013,5,3,1,772.8378,335464.242,27.74
2022-03-20,UNICON Campus,Unknown,48783.35582,2032.6398258333331,1.0,499666.654,1.0,20.13695652173913,81.6304347826087,63.12237292223542,1.4894781363910612,1.559518081485775,40.16906135394613,1.0030082863084022,49.92490579472473,6,3,1,772.8378,335464.242,24.75
2022-03-21,UNICON Campus,Unknown,59565.91983,2481.91332625,1.0,500944.358,1.0,21.48958333333333,79.08333333333333,77.07428367246011,1.493286900008854,1.280831476078902,40.10769879697555,1.023535008033796,49.4184679795418,0,3,0,772.8378,335464.242,24.5
2022-03-22,UNICON Campus,Unknown,58110.2597,2421.2608208333336,1.0,350877.042,1.0,18.304255319148936,87.74468085106383,75.19075762080996,1.0459446881971999,1.3124951519406736,48.87717667876729,1.365413250885563,42.275910969282855,1,3,0,772.8378,335464.242,26.15
2022-04-01,UNICON Campus,Unknown,55450.82575,2310.451072916667,1.0,348067.173,1.0,14.864583333333334,68.29166666666667,71.74962941771223,1.0375686270610027,1.3745774487155418,49.07810155294765,0.5892640827179213,62.92220474081462,4,4,0,772.8378,335464.242,30.38
2022-04-02,UNICON Campus,Unknown,44713.5972,1863.0665499999998,1.0,400609.134,1.0,14.979166666666666,85.1875,57.856379695713635,1.1941932517505098,1.6990511566800082,45.574837093415,1.2620634901131824,44.207424078533045,5,4,1,772.8378,335464.242,25.56
2022-04-03,UNICON Campus,Unknown,44751.66529,1864.6527204166666,1.0,469409.524,1.0,15.277083333333332,95.27083333333331,57.905637237205525,1.3992833370300013,1.6976303914226867,41.67911244854762,2.02313140932345,33.07828422264288,6,4,1,772.8378,335464.242,21.97
