campus_id,date,energy_consumption_kWh,avg_power_kW,electricity_coverage,water_consumption_L,water_coverage,coverage,air_temperature,relative_humidity,energy_reference_kWh,water_reference_L,relative_energy,relative_water,energy_efficiency,water_efficiency,environmental_deviation,environmental_efficiency,day_of_week,month,is_weekend,BSEI
1,2021-01-10,51370.98656,2140.457773333333,1.0,170190.989941578,1.0,1.0,24.50027777777778,61.10625,52478.31325,321997.946,0.9788993467696868,0.5285468185613147,0.3757244136411265,0.5894609412854033,1.5359065124997702,0.21526046639276944,6,1,1,39.34987471302245
1,2021-01-11,58190.01798,2424.5840825,1.0,237880.21300000002,1.0,1.0,28.771458333333335,41.52986111111111,52478.31325,321997.946,1.108839335265792,0.7387631379487123,0.32994169060652023,0.477704404718845,3.223758839613555,0.03980515551159394,0,1,0,24.603128727940323
1,2021-01-12,54075.6323,2253.1513458333334,1.0,277020.024,1.0,1.0,19.779791666666668,65.8013888888889,52478.31325,321997.946,1.0304376979951808,0.860316121395383,0.35685073353086555,0.42302833287145797,0.5584020517218616,0.5721225560511162,1,1,0,41.624218321345474
1,2021-02-10,55564.03097,2315.1679570833335,1.0,168824.50976176,1.0,1.0,22.52402777777778,66.40833333333333,52478.31325,321997.946,1.0587998647231673,0.5243030642243911,0.3468718537741687,0.5919677841618571,0.986237186532918,0.37297749863514446,2,2,0,42.434288950495656
1,2021-02-11,60894.19235,2537.258014583333,1.0,239307.347,1.0,1.0,25.878541666666667,56.418055555555554,52478.31325,321997.946,1.1603687043047253,0.7431952593883938,0.3133706184837281,0.47559184580189956,1.9781409708980189,0.13832615077195165,3,2,0,30.792086775179968
1,2021-02-12,57528.54859,2397.0228579166665,1.0,290527.11,1.0,1.0,19.962847222222223,71.72083333333333,52478.31325,321997.946,1.0962347115834559,0.9022638610247532,0.334126801920802,0.4056502835966302,0.40162663992573855,0.6692305630242443,4,2,0,41.08926464089113
1,2021-03-10,53754.80066,2239.7833608333335,1.0,163781.03748002,1.0,1.0,16.520069444444445,75.61319444444445,52478.31325,321997.946,1.0243240937245635,0.5086400069148889,0.35903906016494813,0.6013128042315896,0.4699917113682594,0.625007448717809,2,3,0,48.048071489576905
1,2021-03-11,55938.23157,2330.75964875,1.0,239598.805,1.0,1.0,17.696527777777778,82.92986111111111,52478.31325,321997.946,1.0659304407044752,0.7441004142305926,0.3444072551117921,0.4751615563084492,0.9618746442544139,0.3821757704046675,3,3,0,39.35769127527156
1,2021-03-12,57697.33768,2404.0557366666667,1.0,293133.117,1.0,1.0,21.968194444444446,69.13194444444444,52478.31325,321997.946,1.0994510704857687,0.9103571020915768,0.33305385662049186,0.40238050745359616,0.8151891323273679,0.44255561787151754,4,3,0,37.665870478126436
1,2021-04-10,49507.42558,2062.809399166667,1.0,171309.962699077,1.0,1.0,12.658541666666666,72.42708333333333,52478.31325,321997.946,0.9433882782046163,0.5320219114039846,0.3893065193351071,0.5874160649128051,1.071889555489197,0.3423609957485003,5,4,1,43.818665549678535
1,2021-04-11,48017.71437,2000.73809875,1.0,242175.462,1.0,1.0,9.652222222222223,85.93194444444444,52478.31325,321997.946,0.9150011003831188,0.7521025056476602,0.40051618536932715,0.47137444272004303,2.0573310609527287,0.1277945911182508,6,4,1,33.74113113662406
1,2021-04-12,58729.98062,2447.0825258333334,1.0,295219.945,1.0,1.0,11.875416666666666,91.0375,52478.31325,321997.946,1.1191285882268711,0.9168379757304415,0.32656424259506406,0.39978116234172884,2.02692244629423,0.1317403358683121,0,4,0,29.232600457342052
1,2021-05-10,60719.50664,2529.979443333333,1.0,171757.183385655,1.0,1.0,13.823055555555555,76.36041666666667,52478.31325,321997.946,1.1570399824159745,0.5334108043833764,0.31441548018298143,0.586600773171813,0.9365999878674002,0.39195823514415007,0,5,0,40.87376500406923
1,2021-05-11,61597.02733,2566.5428054166664,1.0,243006.173,1.0,1.0,11.52951388888889,89.92083333333333,52478.31325,321997.946,1.1737615695946553,0.7546823699303971,0.30920166741936317,0.4701599279467372,1.999738707151169,0.13537064999865672,1,5,0,30.352864909923287
1,2021-05-12,61086.02881,2545.251200416667,1.0,296970.819,1.0,1.0,11.060625,86.62013888888889,52478.31325,321997.946,1.1640242421473026,0.9222755073102237,0.3122271715591799,0.3976132390636716,1.8727144127798878,0.1537058738588243,2,5,0,29.48907827732582
1,2021-06-10,1579.52699,65.81362458333334,1.0,172336.790590521,1.0,1.0,12.295069444444445,93.90625,52478.31325,321997.946,0.030098661564736937,0.5352108382409402,0.97034979259673,0.5855458216782815,2.171150965167031,0.11404627804864416,3,6,0,52.988335364455835
1,2021-06-11,48836.90067,2034.8708612500002,1.0,244045.878,1.0,1.0,9.22048611111111,99.42986111111111,52478.31325,321997.946,0.9306110971468772,0.7579112880428125,0.39431267338091297,0.46864426832690176,2.8896089095273716,0.055597952189534026,4,6,0,28.309698795311377
1,2021-06-12,47787.44605,1991.1435854166666,1.0,299161.958,1.0,1.0,12.166597222222224,88.50902777777777,52478.31325,321997.946,0.9106132245971149,0.9290803302204915,0.40227746194654745,0.39491673640187036,1.8301782849663986,0.16038497099689566,5,6,1,33.254179629639516
1,2021-07-10,1750.33028,72.93042833333332,1.0,173076.654972479,1.0,1.0,6.727083333333333,96.35416666666667,52478.31325,321997.946,0.033353402036030565,0.5375085683698089,0.9671966899044145,0.5842019399320262,3.045328602890048,0.04758067427129566,5,7,1,44.38792333871071
1,2021-07-11,42587.04754,1774.4603141666666,1.0,244874.908,1.0,1.0,9.877083333333333,81.3125,52478.31325,321997.946,0.811517080153105,0.7604859317953537,0.4441836925485253,0.467439228229432,1.823318662991173,0.16148893332169847,6,7,1,36.93478135327313
1,2021-07-12,52595.748,2191.4895,1.0,301713.922,1.0,1.0,12.304166666666667,69.4375,52478.31325,321997.946,1.0022377767639092,0.9370057348129793,0.36705712952417113,0.39179923154723906,1.1448036380559068,0.31828641099301597,0,7,0,36.49774404341578
1,2021-08-10,54694.28276,2278.9284483333336,1.0,174352.775563676,1.0,1.0,13.276470588235295,68.0,52478.31325,321997.946,1.0422263859633485,0.5414717010762423,0.3526686307675478,0.5818912519227175,0.9743505064748891,0.37743741712950246,1,8,0,42.596969644221105
1,2021-08-11,54288.5179,2262.0215791666665,1.0,246179.647,1.0,1.0,14.432692307692308,56.13461538461539,52478.31325,321997.946,1.0344943375252251,0.764537942114699,0.3554060509982139,0.4655489918678828,1.401354679144782,0.2462631303471454,2,8,0,36.29893923010395
1,2021-08-12,54203.54864,2258.4811933333335,1.0,303223.021,1.0,1.0,11.479166666666666,70.85416666666667,52478.31325,321997.946,1.0328752065978417,0.9416924075658545,0.3559819660422765,0.38996729296566146,1.302721532361039,0.2717910973107271,3,8,0,34.82166302754854
1,2021-09-10,53361.50468,2223.396028333333,1.0,175693.892242144,1.0,1.0,13.854166666666666,69.10416666666667,52478.31325,321997.946,1.016829645910923,0.5456366862729739,0.3617399679288004,0.5794727235360199,0.8415575856149715,0.43103862073677923,4,9,0,44.1817800488395
1,2021-09-11,46677.93527,1944.9139695833335,1.0,248782.35,1.0,1.0,18.017647058823528,46.6078431372549,52478.31325,321997.946,0.8894709524605386,0.772620922246504,0.4108730666475269,0.461801135944074,1.9787270403635637,0.13824510579001226,5,9,1,34.423708463881475
1,2021-09-12,47026.55458,1959.439774166667,1.0,307944.115,1.0,1.0,11.60204081632653,66.36734693877551,52478.31325,321997.946,0.8961140644130746,0.9563542837009277,0.4081526369316715,0.384291352467406,1.3332511144880188,0.2636188116590255,6,9,1,36.61817254511337
1,2021-10-10,46846.36986,1951.9320774999999,1.0,176039.344242144,1.0,1.0,11.640816326530611,74.75510204081633,52478.31325,321997.946,0.8926805561914664,0.5467095254146248,0.4095564409734893,0.5788513758793314,1.3048741052148285,0.2712066764027082,6,10,1,42.56961691104931
1,2021-10-11,53025.38598,2209.3910825,1.0,251304.199,1.0,1.0,9.429166666666667,78.20833333333333,52478.31325,321997.946,1.0104247392135837,0.7804528013976835,0.3640643143370881,0.45819849140879326,1.808486632897657,0.163901993090975,0,10,0,33.63688545589693
1,2021-10-12,53290.3921,2220.4330041666667,1.0,308752.748,1.0,1.0,11.966666666666667,70.5625,52478.31325,321997.946,1.015474560817749,0.9588655823289011,0.36223048864053803,0.38332749289737844,1.2055642282589645,0.2995229525131674,1,10,0,35.56958199067523
1,2021-10-13,52737.81975,2197.4091562500003,1.0,177102.52071229,1.0,1.0,13.820408163265308,79.55102040816327,52478.31325,321997.946,1.0049450236474589,0.5500113367564462,0.3660647591560808,0.57694326967808,1.0798547524064555,0.33964485466019123,2,10,0,42.286589682297425
1,2021-10-14,52478.31325,2186.5963854166666,1.0,195792.55103372,1.0,1.0,12.395918367346939,79.28571428571429,52478.31325,321997.946,1.0,0.608055279438708,0.36787944117144233,0.5444085628076157,1.3017321176689667,0.27206014449324994,3,10,0,39.725941582164886
1,2021-10-15,52362.53833,2181.772430416667,1.0,222060.556464036,1.0,1.0,11.240816326530611,90.77551020408163,52478.31325,321997.946,0.9977938521109003,0.68963345643216,0.36869193353364144,0.5017599522464938,2.089913686748435,0.1236978121170704,4,10,0,33.009932645545106
1,2021-10-16,44489.99083,1853.7496179166667,1.0,223247.768,1.0,1.0,12.209615384615384,89.4423076923077,52478.31325,321997.946,0.8477785979525553,0.6933204722989134,0.4283654477016158,0.49991336163758904,1.8837308837496072,0.15202187047997376,5,10,1,36.754529687089416
1,2021-10-17,44782.27537,1865.9281404166668,1.0,223966.011,1.0,1.0,13.047916666666666,74.41666666666667,52478.31325,321997.946,0.8533482232300978,0.6955510548505176,0.4259862444617048,0.4987995063507224,1.0247241609987883,0.35889544911576365,6,10,1,43.500645807641284
1,2021-10-18,51340.28822,2139.1786758333333,1.0,224509.13,1.0,1.0,12.420833333333334,82.64583333333333,52478.31325,321997.946,0.978314374843212,0.6972377705788223,0.37594426617270793,0.4979588825241036,1.455703407171466,0.2332362461389328,0,10,0,37.703571177892435
1,2021-10-19,52041.17393,2168.3822470833334,1.0,225085.101,1.0,1.0,12.018749999999999,86.5,52478.31325,321997.946,0.9916700958371599,0.6990265118026561,0.37095664025340935,0.49706895910179716,1.7282797372301457,0.17758964820974016,1,10,0,35.46702587648087
1,2021-10-20,53246.87296,2218.619706666667,1.0,225764.248,1.0,1.0,15.304166666666667,75.85416666666667,52478.31325,321997.946,1.0146452822585719,0.7011356774306877,0.3625310032061688,0.49602166318701935,0.6613866663442447,0.516135130823705,2,10,0,43.41934106967972
1,2021-10-21,53710.04064,2237.91836,1.0,227027.673,1.0,1.0,18.245833333333334,70.0625,52478.31325,321997.946,1.0234711695883252,0.7050593825837634,0.35934542387914553,0.4940792336835108,0.0972086949663217,0.9073666235254234,3,10,0,48.346587329720144
1,2021-10-22,54487.71994,2270.321664166667,1.0,228210.358,1.0,1.0,18.70625,78.5,52478.31325,321997.946,1.038290230107577,0.7087323407957391,0.3540595250562426,0.49226782994631535,0.6192917398551082,0.5383255771570372,4,10,0,43.20796767608834
1,2021-10-23,45784.70453,1907.6960220833334,1.0,229507.608,1.0,1.0,12.997916666666667,90.29166666666667,52478.31325,321997.946,0.8724500025732058,0.7127610932027498,0.41792637322867854,0.4902885943436792,1.848548298174233,0.15746559355905182,5,10,1,36.35717760146585
1,2021-10-24,46744.31258,1947.6796908333333,1.0,230019.739,1.0,1.0,11.464583333333332,76.27083333333333,52478.31325,321997.946,0.8907358046611759,0.7143515722923276,0.41035370147432854,0.48950942038071615,1.371868207260945,0.25363267825173696,6,10,1,39.6441097978413
1,2021-10-25,52665.83056,2194.4096066666666,1.0,230595.797,1.0,1.0,11.597916666666668,65.89583333333333,52478.31325,321997.946,1.0035732343207506,0.7161405837042203,0.36656726747454715,0.4886344653270763,1.3454054127794788,0.26043410314104526,0,10,0,37.857607244494694
1,2021-10-26,52690.25661,2195.4273587499997,1.0,231329.14800000002,1.0,1.0,12.0875,75.875,52478.31325,321997.946,1.0040386846846683,0.7184180858097773,0.36639668830764804,0.48752286561927405,1.2432185794040294,0.28845430915074094,1,10,0,38.60040358421596
1,2021-10-27,52782.87725,2199.2865520833334,1.0,232024.12900000002,1.0,1.0,17.233333333333334,61.354166666666664,52478.31325,321997.946,1.0058036164110133,0.720576425664529,0.36575059349235955,0.4864717603175791,0.7995589170079276,0.4495271991969863,2,10,0,42.11672904372295
1,2021-10-28,54252.56954,2260.523730833333,1.0,233380.564,1.0,1.0,17.71896551724138,75.10344827586206,52478.31325,321997.946,1.0338093238924748,0.7247889835918395,0.3556495923933742,0.4844267801700297,0.3310360366934209,0.7181792877674208,3,10,0,45.607521068864365
1,2021-10-29,49692.28329,2070.51180375,1.0,234158.307,1.0,1.0,13.911475409836067,64.80327868852459,52478.31325,321997.946,0.9469108325428124,0.7272043499308533,0.3879375784663622,0.4832581239660798,0.9595567926040872,0.38306262454593504,4,10,0,41.788761107318116
1,2021-10-30,44706.28498,1862.7618741666665,1.0,233756.424,1.0,1.0,10.077083333333333,76.91666666666667,52478.31325,321997.946,0.8519001890747698,0.7259562581184912,0.42660353391362915,0.4838616510241046,1.6530046791288628,0.19147372632356843,5,10,1,37.9826499324702
1,2021-10-31,45599.25201,1899.96883375,1.0,235847.899,1.0,1.0,13.104166666666666,71.91666666666667,52478.31325,321997.946,0.8689161138387007,0.7324515635264331,0.41940589121712957,0.4807290065802955,0.97929681733316,0.3755751039218008,6,10,1,43.03184934905514
1,2021-11-10,53665.3185,2236.0549375,1.0,176472.314544577,1.0,1.0,12.177083333333334,87.5625,52478.31325,321997.946,1.0226189672740673,0.5480541622603301,0.35965178940515696,0.5780735540522758,1.7703944619586576,0.17026581219119777,2,11,0,36.565084202308014
1,2021-11-11,53305.62781,2221.0678254166664,1.0,253082.035,1.0,1.0,11.697916666666666,77.16666666666667,52478.31325,321997.946,1.0157648847450331,0.7859740664308461,0.3621253397268552,0.45567562720986254,1.3521923584954418,0.2586725356138969,3,11,0,36.691554020826395
1,2021-11-12,51863.77055,2160.990439583333,1.0,304516.898,1.0,1.0,11.497916666666667,96.5625,52478.31325,321997.946,0.9882895874135208,0.9457106847507655,0.37221278430711774,0.3884034403902731,2.4380724978024872,0.08732901621160886,4,11,0,28.27071978380914
1,2021-11-13,43729.69671,1822.0706962499999,1.0,255115.637,1.0,1.0,11.277999999999999,86.56,52478.31325,321997.946,0.8332908205657695,0.7922896408786408,0.43461668487243804,0.4528068424096345,1.837360149813631,0.15923723419025437,5,11,1,36.068355878420874
1,2021-11-14,44103.74202,1837.6559175,1.0,255512.556,1.0,1.0,10.648214285714285,71.625,52478.31325,321997.946,0.8404184374199565,0.7935223164435963,0.4315299173802877,0.4522490223555601,1.4698951191957006,0.22994960122117158,6,11,1,38.67796486548566
1,2021-11-15,51798.94479,2158.28936625,1.0,257553.252,1.0,1.0,10.13265306122449,70.61224489795919,52478.31325,321997.946,0.9870543007591808,0.799859922087826,0.3726728578950252,0.44939190958892666,1.572964846344912,0.20742927384674947,0,11,0,35.390796789670226
1,2021-11-16,53372.63485,2223.859785416667,1.0,259062.521,1.0,1.0,10.629166666666666,79.27083333333333,52478.31325,321997.946,1.0170417367597082,0.8045471227943796,0.3616632543273768,0.4472904483454922,1.6158183954203513,0.19872796581442206,1,11,0,34.56170345075191
1,2021-11-17,51564.38693,2148.5161220833334,1.0,255187.869,1.0,1.0,14.379166666666668,72.5,52478.31325,321997.946,0.9825846856844241,0.7925139652909463,0.37434229019927173,0.4527052781729178,0.7305789095992928,0.4816300890868769,2,11,0,42.07742643345593
1,2021-11-18,52712.79343,2196.3663929166664,1.0,261277.091,1.0,1.0,17.570588235294117,63.450980392156865,52478.31325,321997.946,1.004468134844254,0.8114247132495683,0.36623937297334813,0.4442247223156746,0.621241837958807,0.537276812399294,3,11,0,42.30530568445299
1,2021-11-19,51552.93813,2148.0390887500002,1.0,264413.654,1.0,1.0,14.754166666666665,71.10416666666667,52478.31325,321997.946,0.9823665231846986,0.8211656542678691,0.37442396655808996,0.439918562570219,0.6460945554676856,0.5240885840242215,4,11,0,42.37160143954763
1,2021-11-20,44573.31921,1857.2216337500001,1.0,266065.359,1.0,1.0,13.704166666666666,67.45833333333333,52478.31325,321997.946,0.8493664611066745,0.8262952056222123,0.42768580172591375,0.4376677554624336,0.9048572132408917,0.40459965245182433,5,11,1,42.6394769816732
1,2021-11-21,45112.09593,1879.6706637500001,1.0,267506.4,1.0,1.0,13.643749999999999,75.79166666666667,52478.31325,321997.946,0.8596331157804505,0.8307705167783898,0.42331736229120703,0.43571343243736266,0.9492312996228257,0.3870384257170706,6,11,1,42.00208849379834
1,2021-11-22,50628.04452,2109.501855,1.0,269149.7,1.0,1.0,15.706249999999999,81.16666666666667,52478.31325,321997.946,0.9647422217786317,0.835873965481755,0.38108142157011776,0.4334954557646051,0.9357558721587528,0.3922892329281296,0,11,0,40.09810690463255
1,2021-11-23,54125.60973,2255.2337387499997,1.0,271063.363,1.0,1.0,19.816666666666666,71.10416666666667,52478.31325,321997.946,1.0313900424381495,0.8418170561870604,0.35651105049111903,0.4309267934078422,0.3687896351654376,0.691570877342413,1,11,0,43.495207960220455
1,2021-11-24,54815.38173,2283.97423875,1.0,273320.366,1.0,1.0,20.314583333333335,82.54166666666667,52478.31325,321997.946,1.044533986236686,0.8488264269859659,0.3518557508005248,0.4279168290274865,1.0403272043615637,0.3533390489640699,2,11,0,37.711881421228796
1,2021-11-25,53005.88122,2208.5783841666666,1.0,275493.064,1.0,1.0,15.010416666666666,93.08333333333333,52478.31325,321997.946,1.010053066444547,0.8555739793445764,0.3641996522780608,0.42503915735685605,1.8784121224044024,0.1528325926359167,3,11,0,32.31440121253062
1,2021-11-26,39581.84868,1649.2436950000001,1.0,198598.194,1.0,1.0,15.151020408163264,79.85714285714286,52478.31325,321997.946,0.7542515418023654,0.6167685119333028,0.4703625297085051,0.5396856103996935,0.9095810095974847,0.4026929131573801,4,11,0,47.84524840469124
1,2021-11-29,46166.92541,1923.6218920833335,1.0,158913.00400000002,1.0,1.0,19.316666666666666,63.4375,52478.31325,321997.946,0.8797334089239235,0.49352179408001573,0.4148935038451317,0.6104726449328829,0.6728745052604634,0.5102397808315198,0,11,0,49.50049269662236
1,2021-11-30,55349.71777,2306.238240416667,1.0,284339.528,1.0,1.0,22.24791666666667,57.958333333333336,52478.31325,321997.946,1.054716021574874,0.8830476452790789,0.34829132048444467,0.41352072482480745,1.3628090945819047,0.2559408042647605,1,11,0,34.775721369852256
1,2021-12-10,50014.97749,2083.9573954166667,1.0,176894.588139628,1.0,1.0,15.133333333333333,73.72916666666667,52478.31325,321997.946,0.95305992880783,0.5493655793059873,0.3855594321702207,0.5773159554123106,0.60954294506903,0.5435992670298881,4,12,0,47.56545089908505
1,2021-12-11,43356.550690000004,1806.5229454166667,1.0,254752.62,1.0,1.0,16.58125,69.9375,52478.31325,321997.946,0.8261803401236415,0.7911622516995808,0.43771803127479597,0.4533176198123297,0.2942512241322829,0.7450892835199736,5,12,1,49.28560250757079
1,2021-12-12,43187.07823,1799.4615929166666,1.0,315170.42,1.0,1.0,18.620833333333334,65.91666666666667,52478.31325,321997.946,0.8229509592707803,0.9787963678501228,0.43913387442184804,0.37576310732757995,0.43590762338018807,0.6466774610542937,6,12,1,44.92893417467176
1,2021-12-13,54305.22899,2262.7178745833335,1.0,318248.279,1.0,1.0,22.112244897959183,62.63265306122449,52478.31325,321997.946,1.034812775542095,0.9883549971464725,0.355292894217817,0.3721884387645214,1.0735075998874914,0.34180748837764535,0,12,0,35.83333724331556
1,2021-12-14,53020.87531,2209.203137916667,1.0,321997.946,1.0,1.0,18.8,73.60416666666667,52478.31325,321997.946,1.010338786184215,1.0,0.3640956081126685,0.36787944117144233,0.26364382827108224,0.7682471188377816,1,12,0,42.42717032465842
1,2021-12-15,52145.21824,2172.7174266666666,1.0,325121.076,1.0,1.0,15.814583333333333,86.0625,52478.31325,321997.946,0.9936527111987541,1.0096992233608844,0.3702219045098163,0.3643285446085768,1.2887981694899417,0.2756018107951506,2,12,0,34.70459517140997
1,2021-12-16,49979.15912,2082.4649633333333,1.0,327430.13300000003,1.0,1.0,16.072916666666668,65.91666666666667,52478.31325,321997.946,0.9523773921982905,1.0168702535760896,0.3858226804258964,0.36172527881155275,0.5648649829833192,0.5684368902296767,3,12,0,40.76087903132512
1,2021-12-17,52389.80048,2182.9083533333333,1.0,330204.976,1.0,1.0,20.072916666666668,56.6875,52478.31325,321997.946,0.9983133457514471,1.0254878333913349,0.3685004501603535,0.3586214751959378,1.2366865525817905,0.2903446676499328,4,12,0,34.80187025153781
1,2021-12-18,47379.32755,1974.1386479166667,1.0,333467.029,1.0,1.0,23.726530612244897,47.673469387755105,52478.31325,321997.946,0.902836326394313,1.0356184973925269,0.4054181293136028,0.35500674226456375,2.215834679657613,0.10906244404307512,5,12,1,29.76283385613164
1,2021-12-19,44030.25317,1834.5938820833335,1.0,335464.24199999997,1.0,1.0,17.098181818181818,75.0,52478.31325,321997.946,0.8390180713363535,1.0418210618026738,0.43213464055873846,0.3528116048577791,0.3640697093206409,0.6948427560381399,6,12,1,44.26351463886498
1,2021-12-20,50914.70361,2121.44598375,1.0,338217.287,1.0,1.0,18.708333333333332,54.0625,52478.31325,321997.946,0.9702046513470971,1.0503709455339196,0.37900546618685865,0.34980796533881625,1.3833175108825535,0.2507453213639767,0,12,0,33.929497194118284
1,2021-12-21,51574.71857,2148.946607083333,1.0,340835.206,1.0,1.0,18.977083333333333,71.0625,52478.31325,321997.946,0.982781560152374,1.0585011806255435,0.3742685990142521,0.3469754743549438,0.20046616964621122,0.8183491745995396,1,12,0,42.621117089138515
1,2021-12-22,50050.00744,2085.416976666667,1.0,342114.174,1.0,1.0,17.145833333333332,67.1875,52478.31325,321997.946,0.9537274416875432,1.0624731562728664,0.3853021521617649,0.3456000296453516,0.355070581630247,0.701123954990365,2,12,0,41.80906224728137
1,2021-12-23,45181.70693,1882.5711220833334,1.0,338975.803,1.0,1.0,16.570833333333333,66.97916666666667,52478.31325,321997.946,0.860959587530188,1.0527266003119162,0.4227562160235695,0.3489849083335708,0.43431855709348177,0.6477058913115428,3,12,0,43.05250210417904
1,2021-12-24,45887.96611,1911.9985879166668,1.0,342910.724,1.0,1.0,19.724999999999998,61.479166666666664,52478.31325,321997.946,0.8744177026307148,1.064946929816751,0.4171048280223913,0.34474615002310566,0.8509146384117038,0.42702418055958624,4,12,0,39.20357206241474
1,2021-12-25,41245.07986,1718.5449941666666,1.0,343419.533,1.0,1.0,18.495833333333334,73.64583333333333,52478.31325,321997.946,0.7859452277651092,1.0665270920703327,0.45568876847644746,0.34420182534368854,0.233465900290577,0.7917845949045248,5,12,1,46.132476031522835
1,2021-12-26,40312.06182,1679.6692425,1.0,343789.297,1.0,1.0,15.660416666666668,60.583333333333336,52478.31325,321997.946,0.7681661113602961,1.0676754347992021,0.46386296178403774,0.34380679054137375,0.966759151039495,0.38031358189962905,6,12,1,40.14336628636929
1,2021-12-27,44363.7972,1848.49155,1.0,344071.955,1.0,1.0,17.072916666666668,56.583333333333336,52478.31325,321997.946,0.8453739164339471,1.0685532602745236,0.4293967696803976,0.34350512060819594,1.1854974158723945,0.30559413431408416,0,12,0,37.10155191465668
1,2021-12-28,43521.99516,1813.416465,1.0,344438.743,1.0,1.0,17.41875,66.1875,52478.31325,321997.946,0.8293329656512921,1.0696923607084128,0.43634024320157005,0.34311405654917304,0.4100253815207841,0.6636334058974692,1,12,0,43.622494617099896
1,2021-12-29,44208.13669,1842.0056954166666,1.0,344911.612,1.0,1.0,18.379166666666666,70.29166666666667,52478.31325,321997.946,0.8424077290632049,1.0711609073431791,0.43067233179855585,0.3426105473599396,0.10191729651215958,0.9031042384508089,2,12,0,46.099261531605286
1,2021-12-30,47351.49278,1972.9788658333334,1.0,345479.94200000004,1.0,1.0,23.139583333333334,60.125,52478.31325,321997.946,0.9023059211987916,1.0729259186019777,0.40563322223390785,0.3420063692339115,1.3617049009577744,0.25622356855351697,3,12,0,34.857470289548424
1,2021-12-31,49527.10329,2063.62930375,1.0,345073.948,1.0,1.0,28.0125,42.020833333333336,52478.31325,321997.946,0.9437632466207362,1.07166505962743,0.3891605690512504,0.34243786300314377,3.093385118573261,0.0453481853038034,4,12,0,24.208817599753377
1,2022-01-01,45665.12447,1902.7135195833334,1.0,346865.75299999997,1.0,1.0,27.453061224489797,37.63265306122449,52478.31325,321997.946,0.8701713458749554,1.0772297069249006,0.4188797697776029,0.34053760909909925,3.3053203044751482,0.03668745879697698,5,1,1,23.93875328264882
1,2022-01-02,44233.31935,1843.0549729166667,1.0,393143.171,1.0,1.0,23.827083333333334,52.6875,52478.31325,321997.946,0.8428875970017957,1.2209493131363018,0.43046571553271323,0.2949500340362737,1.8936252762727295,0.15052512333404836,6,1,1,30.56371290451837
1,2022-01-03,46509.49867,1937.8957779166667,1.0,456229.266,1.0,1.0,18.770833333333332,62.229166666666664,52478.31325,321997.946,0.8862613104280748,1.4168701125814014,0.41219394074480875,0.24247173973243943,0.7322334419627043,0.48083387537959804,0,1,0,35.3041799284306
1,2022-01-13,53683.57444,2236.8156016666667,1.0,347265.347,1.0,1.0,25.579166666666666,56.895833333333336,52478.31325,321997.946,1.022966843165448,1.0784706899962648,0.35952669697791234,0.34011526980320433,1.9069344652999332,0.14853502866344628,3,1,0,29.547037115466253
1,2022-01-14,54813.17993,2283.8824970833334,1.0,349077.873,1.0,1.0,25.620833333333334,68.66666666666667,52478.31325,321997.946,1.044492029857686,1.0840996886359022,0.3518705137034555,0.338206139698539,1.544527048739666,0.21341278120212423,4,1,0,31.400018176442433
1,2022-01-15,44796.24281,1866.5101170833334,1.0,353298.148,1.0,1.0,20.835416666666667,77.83333333333333,52478.31325,321997.946,0.853614379650436,1.0972062163402745,0.425872880574698,0.33380235377033457,0.7927604678147108,0.4525936989321739,5,1,1,39.58575953418047
1,2022-01-16,46849.86555,1952.0777312500002,1.0,353425.26,1.0,1.0,24.650000000000002,52.270833333333336,52478.31325,321997.946,0.8927471682790796,1.0976009766223789,0.4095291604725762,0.3336706078647294,2.025176667829859,0.13197052618174254,6,1,1,30.393789199110365
1,2022-01-17,53317.31967,2221.5549862499997,1.0,354171.392,1.0,1.0,20.979166666666668,63.854166666666664,52478.31325,321997.946,1.0159876788722815,1.0999181715277153,0.362044669314617,0.3328983231447923,0.8380718529799617,0.4325437278004744,0,1,0,36.42990487572567
1,2022-01-18,53225.59675,2217.7331979166665,1.0,352062.79,1.0,1.0,18.55,56.895833333333336,52478.31325,321997.946,1.0142398536408752,1.0933696763394882,0.36267801344873685,0.33508545962255465,1.1520130134679527,0.3160000164090184,1,1,0,34.31835226145352
1,2022-01-19,53566.52627,2231.9385945833333,1.0,357532.189,1.0,1.0,20.227083333333333,62.145833333333336,52478.31325,321997.946,1.0207364328730593,1.1103554958701507,0.36032948396261305,0.3294418250474763,0.8508676786855761,0.4270442339690029,2,1,0,36.12701169364862
1,2022-01-20,54860.87267,2285.869694583333,1.0,359736.562,1.0,1.0,21.4375,55.770833333333336,52478.31325,321997.946,1.0454008384120463,1.1172014184214702,0.3515508760372973,0.3271941941597649,1.4184954406907606,0.24207796369244658,3,1,0,31.81761999143028
1,2022-01-21,56345.11255,2347.7130229166664,1.0,365599.999,1.0,1.0,24.12708333333333,50.229166666666664,52478.31325,321997.946,1.0736837573566638,1.1354109662550456,0.34174728173862884,0.3212900548281953,2.0884285778019867,0.12388165332282204,4,1,0,27.301262360355587
1,2022-01-22,49215.79143,2050.65797625,1.0,369728.668,1.0,1.0,25.49791666666667,48.0625,52478.31325,321997.946,0.937831046427545,1.1482330014614441,0.39147600848908387,0.3171967606940123,2.395084860670275,0.09116494227622687,5,1,1,27.17364833397638
1,2022-01-23,45086.51447,1878.6047695833333,1.0,371138.625,1.0,1.0,26.527083333333334,48.125,52478.31325,321997.946,0.8591456485122453,1.1526117778403469,0.4235237659528143,0.3158108634921818,2.526322389338205,0.07995251449613999,6,1,1,27.38173113292358
1,2022-01-24,54586.54618,2274.4394241666664,1.0,367379.608,1.0,1.0,27.741666666666664,48.833333333333336,52478.31325,321997.946,1.040173412585817,1.1409377375345122,0.3533933937826367,0.3195192560880499,2.6583421573818473,0.07006428106518969,0,1,0,24.68252518128588
1,2022-01-25,56091.53366,2337.1472358333335,1.0,367867.311,1.0,1.0,27.683333333333334,51.145833333333336,52478.31325,321997.946,1.068851687225294,1.1424523527861261,0.3434026247170076,0.31903567366270025,2.5264709175266016,0.07994064017586161,1,1,0,25.003965186621947
1,2022-01-26,53624.14754,2234.3394808333333,1.0,372183.869,1.0,1.0,27.433333333333334,59.708333333333336,52478.31325,321997.946,1.0218344344365908,1.1558578979258458,0.35993405875431134,0.3147873656022515,2.1065465345559926,0.12165738136159847,2,1,0,27.646112443815166
1,2022-01-27,58532.58846,2438.8578525,1.0,376731.416,1.0,1.0,26.018367346938778,69.57142857142857,52478.31325,321997.946,1.1153671837956796,1.1699808047843885,0.32779489582553045,0.31037289888302,1.6165139335527605,0.1985897909947205,3,1,0,29.091873816710045
1,2022-01-28,57389.80566,2391.2419025,1.0,381900.919,1.0,1.0,24.846,78.74,52478.31325,321997.946,1.0935908969978183,1.1860352643367482,0.33501133999527877,0.30542981517158824,1.510627124824825,0.22077148325941953,4,1,0,29.83900752380248
1,2022-01-29,45544.10205,1897.67091875,1.0,384266.819,1.0,1.0,19.195833333333333,88.52083333333333,52478.31325,321997.946,0.867865204299416,1.1933828267339321,0.4198468805484032,0.3031938749610002,1.433586049990398,0.2384522853747695,5,1,1,33.45594988335504
1,2022-01-30,48691.31378,2028.8047408333332,1.0,387850.838,1.0,1.0,23.416666666666668,77.75,52478.31325,321997.946,0.927836867546424,1.204513391523311,0.39540810605955196,0.29983786766806736,1.2173270060644066,0.29602037100467027,6,1,1,33.87233170855028
1,2022-01-31,55517.50418,2313.2293408333335,1.0,389605.088,1.0,1.0,26.368750000000002,69.54166666666667,52478.31325,321997.946,1.0579132739179646,1.2099614076420226,0.3471795235387472,0.29820878778810894,1.6867400224238696,0.18512203505624603,0,1,0,29.028401580473357
1,2022-02-01,54982.3885,2290.932854166667,1.0,347289.149,1.0,1.0,20.665306122448982,68.48979591836735,52478.31325,321997.946,1.0477163821571571,1.0785446097224483,0.3507377863408794,0.34009012950478307,0.5777057895595002,0.5611843658560338,1,2,0,38.117215966169965
1,2022-02-02,50820.3678,2117.515325,1.0,396824.413,1.0,1.0,16.055102040816326,60.0,52478.31325,321997.946,0.9684070362150978,1.2323818146343082,0.3796873848780351,0.29159721937786354,0.9745064763437805,0.37737855285568395,2,2,0,34.57573340402464
1,2022-02-03,46834.21896,1951.42579,1.0,460969.329,1.0,1.0,15.358333333333334,69.39583333333333,52478.31325,321997.946,0.8924490148318553,1.431590899030145,0.40965128120796446,0.23892850859154138,0.5420151188485963,0.5815751277763644,3,2,0,36.38324224979684
1,2022-02-13,47616.81385,1984.0339104166667,1.0,422824.89900000003,1.0,1.0,24.554166666666664,52.020833333333336,52478.31325,321997.946,0.9073617443296922,1.313129180643904,0.4035875879462792,0.2689770603182664,2.0278647334899373,0.13161625710476113,6,2,1,27.985576182745316
1,2022-02-14,56413.32482,2350.5552008333334,1.0,424167.3,1.0,1.0,23.39591836734694,57.265306122448976,52478.31325,321997.946,1.0749835756201636,1.3172981544422646,0.3413033609509986,0.2678580362132776,1.5576692141554973,0.2106264246133457,0,2,0,28.46967199284664
1,2022-02-15,56561.00641,2356.7086004166667,1.0,426911.848,1.0,1.0,20.139583333333334,73.08333333333333,52478.31325,321997.946,1.0777977207565832,1.3258216498064246,0.3403442339520012,0.26558465183738134,0.4633202200388653,0.6291911206407105,1,2,0,35.28505807050638
1,2022-02-16,58149.77325,2422.90721875,1.0,429874.455,1.0,1.0,20.2,73.5625,52478.31325,321997.946,1.1080724521952885,1.335022351353757,0.33019481434905074,0.26315229358028924,0.4893827440750599,0.6130046581868394,2,2,0,34.51531748961868
1,2022-02-17,55963.2872,2331.8036333333334,1.0,432943.118,1.0,1.0,19.960416666666667,66.08333333333333,52478.31325,321997.946,1.0664078880241068,1.3445524214617195,0.34424285803957094,0.2606563459419876,0.5660320521438083,0.5677738720347048,3,2,0,34.51820542853975
1,2022-02-18,54092.49641,2253.8540170833335,1.0,434355.994,1.0,1.0,17.420833333333334,62.25,52478.31325,321997.946,1.0307590518832082,1.3489402631158398,0.35673607658391454,0.25951513273227705,0.7217161112537309,0.4859176512778121,4,2,0,33.94889475179462
1,2022-02-19,47793.76255,1991.4067729166666,1.0,435074.925,1.0,1.0,17.985416666666666,61.9375,52478.31325,321997.946,0.9107335886029073,1.3511729823270364,0.4022290451336668,0.2589363546747092,0.738337000346569,0.477908015908516,5,2,1,35.686131047218055
1,2022-02-20,49514.2886,2063.0953583333335,1.0,435618.007,1.0,1.0,17.977083333333333,70.16666666666667,52478.31325,321997.946,0.943519056417081,1.3528595831477757,0.38925560985340574,0.2585000004874993,0.07248495376667136,0.9300797407517927,6,2,1,40.14864798567045
1,2022-02-21,54867.5226,2286.1467749999997,1.0,436333.094,1.0,1.0,16.597916666666666,68.1875,52478.31325,321997.946,1.0455275560900388,1.3550803643946225,0.3515063311489616,0.25792656550660825,0.36132262378030333,0.6967541727366089,0,2,0,36.16674801069064
1,2022-02-22,54343.03115,2264.2929645833333,1.0,437339.792,1.0,1.0,17.520833333333332,67.9375,52478.31325,321997.946,1.035533114243149,1.358206775641979,0.3550370551523552,0.25712144022339134,0.26888811185753,0.7642287590009709,1,2,0,36.96717256059788
1,2022-02-23,57663.380900000004,2402.6408708333333,1.0,414789.321,1.0,1.0,23.020833333333332,66.47916666666667,52478.31325,321997.946,1.0988040073868037,1.288173810276417,0.33326943321938834,0.2757739390543253,1.0769669717768513,0.3406270920528861,2,2,0,31.326179531557262
1,2022-02-24,57559.48209,2398.3117537499998,1.0,440967.018,1.0,1.0,21.329166666666666,80.60416666666667,52478.31325,321997.946,1.0968241645990784,1.369471524517116,0.33392990790539606,0.25424128434150667,1.0235310996049953,0.35932388894720296,3,2,0,30.801951809700128
1,2022-02-25,55266.76281,2302.78178375,1.0,443657.231,1.0,1.0,19.618750000000002,70.39583333333333,52478.31325,321997.946,1.0531352741220203,1.3778262765688574,0.3488423164801759,0.25212601004979435,0.33349014687015344,0.7164189575742017,4,2,0,35.956939102042966
1,2022-02-26,47332.03054,1972.1679391666667,1.0,447002.141,1.0,1.0,21.902083333333334,72.04166666666667,52478.31325,321997.946,0.9019350586692113,1.3882142620872495,0.40578368429543316,0.24952048521590095,0.7908084702214091,0.453478023562213,5,2,1,34.99701330873543
1,2022-02-27,47798.38404,1991.5993349999999,1.0,449666.155,1.0,1.0,20.177083333333332,81.04166666666667,52478.31325,321997.946,0.9108216533617342,1.3964876502659431,0.4021936244894921,0.24746462158888405,0.9200417993665152,0.3985023835891914,6,2,1,33.869720156352194
1,2022-02-28,57624.97273,2401.0405304166666,1.0,452778.848,1.0,1.0,20.983333333333334,82.125,52478.31325,321997.946,1.0980721208679474,1.406154460376589,0.3335134379056868,0.24508395335562816,1.0790743758611194,0.3399100089851638,0,2,0,30.056194974560142
1,2022-03-01,58840.74348,2451.6976449999997,1.0,347655.749,1.0,1.0,21.78125,89.97916666666667,52478.31325,321997.946,1.1212392288542163,1.0796831263016815,0.32587570971554564,0.33970315158609715,1.7100712476758175,0.1808529068088106,1,3,0,29.391607936559655
1,2022-03-02,60669.27641,2527.8865170833333,1.0,331178.799,1.0,1.0,23.304166666666664,74.95833333333333,52478.31325,321997.946,1.1560828207450056,1.0285121477141348,0.31471657070253706,0.3575385295414939,1.113452899024112,0.328422989586164,2,3,0,33.19047991149283
1,2022-03-03,60861.52536,2535.89689,1.0,465115.86100000003,1.0,1.0,23.652083333333334,67.3125,52478.31325,321997.946,1.1597462187868623,1.4444684097456946,0.31356574788176933,0.23587143018808404,1.177414234099818,0.3080743176325398,3,3,0,28.28234044428969
1,2022-03-15,59129.03249,2463.7096870833334,1.0,487834.092,1.0,1.0,21.46875,76.83333333333333,52478.31325,321997.946,1.1267327173477704,1.515022372223455,0.3240904234683798,0.21980326730494143,0.8414134045832722,0.4311007728102867,1,3,0,29.952115366087465
1,2022-03-16,58373.3857,2432.224404166667,1.0,491947.727,1.0,1.0,19.150000000000002,85.875,52478.31325,321997.946,1.1123334971136862,1.5277977176910316,0.3287908327518949,0.21701306547520766,1.2213766848574081,0.2948240076645591,2,3,0,27.81611625493485
1,2022-03-17,58443.91638,2435.1631825,1.0,495195.712,1.0,1.0,20.935416666666665,76.97916666666667,52478.31325,321997.946,1.113677493816934,1.5378846919725382,0.3283492357755308,0.2148350634572538,0.7621634848812583,0.46665573147208644,3,3,0,30.365982179530924
1,2022-03-18,56664.92952,2361.0387299999998,1.0,497769.409,1.0,1.0,19.2625,78.45833333333333,52478.31325,321997.946,1.0797780265927277,1.5458775907843834,0.3396709151877883,0.21312475280923748,0.6515439661857998,0.5212403776487498,4,3,0,31.434440530338662
1,2022-03-19,47955.18146,1998.1325608333334,1.0,498962.708,1.0,1.0,20.202173913043477,72.58695652173913,52478.31325,321997.946,0.9138095051101895,1.5495835119395451,0.400993723021845,0.21233639098476487,0.4627962693120385,0.6295208721649148,5,3,1,35.12954188563837
1,2022-03-20,48783.35582,2032.6398258333331,1.0,499666.65400000004,1.0,1.0,20.13695652173913,81.6304347826087,52478.31325,321997.946,0.9295907737659612,1.5517696935868033,0.3947152051423172,0.21187269211341328,0.9584614438250325,0.3834824416051102,6,3,1,31.564802544290192
1,2022-03-21,59565.91983,2481.91332625,1.0,500944.358,1.0,1.0,21.489583333333332,79.08333333333333,52478.31325,321997.946,1.1350578199081123,1.5557377437432474,0.32140353727414006,0.2110336364527394,0.9576020410712575,0.38381214912693334,0,3,0,28.74217477640825
1,2022-03-22,58110.2597,2421.2608208333336,1.0,350877.042,1.0,1.0,18.304255319148936,87.74468085106383,52478.31325,321997.946,1.1073195021183346,1.0896872056444733,0.3304435281827243,0.33632167677767766,1.351405068432717,0.25887626611766296,1,3,0,31.664775318760487
1,2022-04-01,55450.82575,2310.451072916667,1.0,348067.173,1.0,1.0,14.864583333333334,68.29166666666667,52478.31325,321997.946,1.0566426837280256,1.0809608487378364,0.34762092679744494,0.33926938242499105,0.6630078257548537,0.5152990713751536,4,4,0,37.29066831403264
1,2022-04-02,44713.5972,1863.0665499999998,1.0,400609.134,1.0,1.0,14.979166666666666,85.1875,52478.31325,321997.946,0.8520395270135707,1.244135681536304,0.426544095997603,0.28818988835772474,1.2912798541246755,0.27491870199689156,5,4,1,34.0574545949549
1,2022-04-03,44751.66529,1864.6527204166666,1.0,469409.524,1.0,1.0,15.277083333333332,95.27083333333333,52478.31325,321997.946,0.8527649331412152,1.4578028519473847,0.42623479049627216,0.2327470931749077,2.032185489070419,0.1310488022271225,6,4,1,27.24194470025974
